,SO2,TEMP,PRES,RAIN,wd,WSPM,season
1,48,4.3,1016.7,0,SE,0.6,winter
2,3,30.2,998.4,0,NE,1.5,summer
3,3,31.4,1000,0,WSW,1.5,summer
4,25,2,1024.2,0,SSE,0.8,winter
5,20,-0.2,1018,0,ENE,0.5,winter
6,4,15.1,1014.3,0,WNW,0.8,fall
7,21,-4.2,1031.2,0,ENE,2.2,winter
8,18,-0.3,1016.8,0,E,1.6,winter
9,30,-5,1030.8,0,SE,1.4,winter
10,2,12.4,1016,0,ENE,0.7,fall
11,3,25.1,999.9,0,SSW,0.9,summer
12,101,-7.3,1026.7,0,WSW,0.6,winter
13,11,9.2,1012.9,0,ESE,2.6,spring
14,2,10.9,1015.6,0,SSE,1.3,fall
15,56,-4.7,1028.7,0,NE,1.4,winter
16,42,-0.4,1017.6,0,N,1.4,fall
17,17,9.1,1028.9,0,NNE,1.7,winter
18,21,8.4,1007.5,0,W,0.9,spring
19,6,21.8,1001.2,0,SW,0.8,spring
20,2,19.8,1011.9,0,WSW,2.8,fall
21,47,5,1021,0,WSW,5.1,winter
22,8,20.1,1013.4,0,SE,0.9,fall
23,2,5.1,1025,0,NNW,3.8,winter
24,2,28.3,1005.4,0,E,3.7,summer
25,2,14.4,1013,0,NNE,1.2,fall
26,81,-1,1005.4,0,SW,0.5,winter
27,17,8.5,1015.3,0,SW,2.8,spring
28,6,26.9,996.7,0,NE,1.8,summer
29,5,16.9,1006.5,0,NW,3.6,spring
30,2,6,1024.2,0,SW,1.1,fall
31,7,5,1016.5,0,W,0.9,fall
32,3,11.6,1018,0,SW,1.2,fall
33,2,19.7,999.7,0.2,ENE,2.1,summer
34,3,7.5,1016.8,0,N,2.3,spring
35,12,2.5,1018.3,0,NW,1.4,winter
36,17,-3.5,1025,0,NE,1.2,winter
37,2,27.4,999.1,0,NE,1.3,summer
38,2,27.7,999.9,0,SW,2.4,summer
39,9,20.4,1011,0,SSW,0.9,fall
40,27,19.6,1004,0,SSW,0.9,fall
41,1,1.95,1022,0,NW,5.8,winter
42,6,2,1015,0,WSW,0.5,winter
43,2,25.3,1000.9,0,ENE,1.5,summer
44,2,32.5,1001.1,0,SSW,1.7,summer
45,2,26.6,999.4,0,E,1.6,summer
46,8,13,1015,0,NNW,0.5,fall
47,2,17.8,1023.5,0,N,2.1,fall
48,23,12.9,1009.2,0,SE,1.3,spring
49,17,23.1,1005.9,0,ESE,1.4,fall
50,4,27.8,1009.6,0,NE,1.9,fall
51,5,-0.3,1036.1,0,NW,4.5,winter
52,2,21.2,1000.2,0,SW,0.8,summer
53,5,-4.8,1022.6,0,E,1.1,winter
54,4,22.9,1001.1,0,SE,0.8,summer
55,2,7.3,1017.7,0,NW,6.1,winter
56,2,9.7,1017,0,WSW,0.9,fall
57,2,16.9,1014.9,0,NW,5.3,spring
58,32,-4.4,1027,0,WSW,0.4,winter
59,169,3.1,1023.4,0,E,2.2,winter
60,7,8.2,1018.3,0,W,2.8,fall
61,9,31.9,1005.1,0,S,2.3,summer
62,3,12.2,1019.6,0,NE,0.3,fall
63,6,20.6,999,0,W,0.9,summer
64,6,-2.075,1027,0,SW,2.7,winter
65,13,-6.975,1032,0,NE,1.3,winter
66,3,22.3,995.4,2.9,SW,1.9,summer
67,106,10.8,1013.7,0,SSW,1.6,spring
68,2,32.3,1000.6,0,NNW,2.3,summer
69,29,15.9,1003.5,0,W,0.9,spring
70,19,16.1,1011.7,0,SSW,1.1,fall
71,7,3.7,1022.5,0,W,2,spring
72,111,-2.3,1029.7,0,SW,0.7,winter
73,7,-3.4,1020.5,0,ENE,1.1,winter
74,2,23.8,999.4,0,E,0.9,summer
75,7,24.7,1001.6,0,WNW,0.6,summer
76,6,26.9,997.5,0,SSW,1,summer
77,134,-6.2,1023,0,WSW,0.5,winter
78,24,30.4,995.9,0,W,0.7,summer
79,4,30.4,1003.4,0,SSE,1.9,summer
80,7,30.6,1001.5,0,W,1.3,summer
81,12,0.2,1024.5,0,N,3.1,winter
82,20,3.9,1009.2,0,WNW,0.4,spring
83,2,19,1010.5,0,WNW,2,spring
84,2,4.5,1025,0,W,1.1,fall
85,129,8.2,1015.3,0,SSW,1.7,spring
86,2,22.2,1004.5,0,NW,1.9,summer
87,60,-1.7,1021.5,0,S,1.7,winter
88,6,9.2,1011.1,0,NW,4.4,fall
89,9,29.2,1001.5,0,SE,1.7,fall
90,10,14,1016.8,0,S,2.7,spring
91,13,30.9,1002.4,0,S,3.6,summer
92,8,1.5,1025.5,0,NNE,2.3,winter
93,5,6.1,1026.9,0,E,1.4,fall
94,2,22.7,1004.5,0,ENE,1.7,summer
95,7,7,1016,0,ENE,2,winter
96,27,1.3,1024.4,0,E,1.6,winter
97,2,12.2,994.7,0,W,1.1,spring
98,2,25,1001.4,0,ENE,0.9,summer
99,5,-0.7,1026.9,0,ESE,1.3,winter
100,2,10.5,1025.9,0,ENE,2.1,spring
101,2,27,1002,0,SSW,1.3,summer
102,30,33.1,1003,0,ENE,2.1,summer
103,17,26.6,1006.3,0,S,3.2,spring
104,10,15.3,1010.6,0,ESE,1.3,spring
105,23,17.6,1011.6,0,WNW,0.8,fall
106,2,14.9,1020.3,3.2,SE,2.2,fall
107,7,19.3,1017.5,0,NE,1.8,fall
108,2,10.5,1020.9,0,NNE,4.7,spring
109,2,19.7,1013.1,0,NNE,0.4,fall
110,15,-1.8,1026,0,WNW,6,winter
111,5,22.3,1013.9,0,SW,4.7,spring
112,21,5.7,1014.2,0,SE,1.4,winter
113,23,-4,1021,0,SW,0.8,winter
114,3,14.9,1013.3,0,ESE,2.4,spring
115,28,0.05,1019,0,SW,1.6,winter
116,2,10,1013.7,0,WNW,2,fall
117,2,21.7,1002.8,0,E,1.6,summer
118,23,18.2,1008.9,0,SW,1.1,spring
119,2,27.9,996.8,0,SW,1.3,summer
120,8,1.3,1025.7,0.1,ENE,0.9,fall
121,2,21.6,1014.9,0,SE,2.1,fall
122,5,22.7,1005.7,0,ESE,1.8,summer
123,29,6.3,1022.8,0,SW,1.2,winter
124,2,20.2,1014.3,0,NW,5.4,spring
125,2,12.9,1021.1,0,NNW,1.3,spring
126,10,17.2,1006.1,0,negligible,0.1,fall
127,41,29.4,997,0,SSE,1.9,summer
128,5,19.6,1004.8,0,ENE,1.9,spring
129,20,28.7,1012.9,0,ESE,3.8,spring
130,19.1352,24.3,1006.6,0,SSE,2,fall
131,2,24.2,998.9,0,ENE,1.4,summer
132,2,20.6,997.9,0,WSW,1.3,summer
133,9,34,997.9,0,NW,1.4,summer
134,4,17.9,1013.7,0,SSW,1.8,fall
135,2,31.8,1001,0,NE,2.6,summer
136,2,38.6,990.4,0,W,3.6,spring
137,4,3.1,1028.3,0,NNW,3.9,spring
138,9,-3.6,1029,0,W,5.4,winter
139,2,22.1,1002.1,0,ESE,1.3,summer
140,29,19.6,1009.5,0,SW,2.8,spring
141,10,-0.9,1033.5,0,ENE,1.2,winter
142,102,2.3,1007,0,NNW,1,spring
143,35,4.3,1020.9,0,SW,2.2,spring
144,2,19.4,1005.4,0,NW,0.8,summer
145,2,24.9,992.3,0,NE,3.7,fall
146,4,-2.8,1028.3,0,NNW,2.5,winter
147,7,29.6,990.9,0,S,1.2,summer
148,3,20.85,1009,0,NE,1.4,fall
149,2,24,998.3,3.7,NE,3.6,summer
150,62,-1.7,1021.8,0,E,0.3,winter
151,13,26,994.8,0,WSW,4.1,spring
152,7,24.9,998.9,0,SW,4.9,spring
153,14,25.5,994.5,0,E,2.2,summer
154,2,25.1,1006.6,0,NW,3.1,fall
155,2,20.7,1009.1,0,E,0.8,fall
156,81,-9.3,1025.3,0,WSW,0.7,winter
157,29,-6.5,1029.9,0,E,0.8,winter
158,30,-6,1031.1,0,SW,1.1,winter
159,3,24.5,989.6,0,SW,1,summer
160,33,4.1,1025.7,0,NE,1.8,spring
161,14,26.2,1005.4,0,SSW,4,spring
162,25,0.6,1012.5,0,W,0.8,fall
163,15,6.6,1011.9,0,negligible,0.1,spring
164,5,19.5,1005.1,0,E,1.4,summer
165,17,21.1,1000.1,0,NNE,2.5,spring
166,21,-6,1026,0,WNW,0.8,winter
167,3,4.7,1024,0,NE,2,winter
168,2,24.9,1005.5,0,NNW,1.7,summer
169,28,10.4,1016.1,0,SW,2.9,spring
170,19,-0.9,1024.3,0,SW,2,winter
171,2,9.4,1018.3,0.2,NE,1.9,fall
172,2,14.6,1021,0,NNW,2.4,spring
173,2,15,1017.3,0,NNE,1.2,fall
174,3,26.5,991.8,0,WSW,0.7,summer
175,2,16.6,1026.1,0,NE,1.7,fall
176,95,12.7,1012.3,0,W,3,spring
177,33,-4.9,1026.1,0,ENE,1.3,winter
178,2,31.7,997.1,0,S,1.5,summer
179,7,33.3,999.4,0,ESE,3.5,summer
180,2,30.3,1006.1,0,WSW,2,summer
181,2,18.6,1008.2,0,negligible,0.1,fall
182,19,1.5,1030,0,W,0.9,fall
183,34,2.7,1024.3,0,E,1.1,winter
184,11,-0.2,1016.6,0,W,1.3,fall
185,3,20.1,1005.5,0,negligible,0.1,fall
186,2,9,1015.6,0,E,1.3,spring
187,6,1.4,1020,0,NNW,4.8,winter
188,2,8.3,1018.5,0,ESE,0.8,spring
189,42,7.7,1014.1,0,NW,3.1,winter
190,9,1.7,1018.9,0,NNW,2.6,winter
191,3,27.2,1000.4,0,SSW,4.3,spring
192,23,1.775,1014.25,0,SW,1.6,winter
193,2,22.3,1005.6,0,N,1.6,summer
194,2,10.1,1017,0,NE,1.9,fall
195,14,20.5,1013.6,0.6,ENE,1.8,fall
196,3,17.4,1011.5,0,ENE,0.8,fall
197,2,21.1,999.6,0,E,3.2,summer
198,21,12.9,1009.9,0,WSW,1.1,spring
199,8,23.5,998.1,0,S,0.3,summer
200,11,25.1,998,0,SSW,1.5,summer
201,31,25.6,996.9,0,ESE,3.8,summer
202,9,30.6,988.6,0,SSW,2.2,summer
203,21,13.7,1007.5,0,W,1.3,spring
204,53,-0.3,1022.5,0,S,0.9,winter
205,88,0,1021.4,0,WNW,0.9,winter
206,3,28.7,1003.2,0,SW,1.4,summer
207,40,5.3,1022,0,WNW,1.4,fall
208,2,30.2,1003.6,0,E,1.6,summer
209,21,18.5,995.3,0,ENE,0.9,spring
210,2,24.5,1009.2,0,E,3.3,fall
211,4,31.5,999.6,0,SSW,1.2,summer
212,13,22.4,1007.2,0,ENE,0.9,summer
213,2,12.7,1019.8,0,NW,3.3,fall
214,4,22.5,998.6,0,W,0.7,summer
215,15,27.5,1000.5,0,SW,3.8,spring
216,3,26.4,988.5,0,WNW,1.3,summer
217,4,29.9,996.6,0,NE,2.1,summer
218,2,19.8,1015,0,NNW,3,fall
219,2,3.3,1030.2,0,ENE,2.9,winter
220,3,11.3,1014.3,0,WNW,2.4,fall
221,20,23.9,998.9,0,NNE,1,summer
222,4,18.6,1003.7,0,ESE,1.4,spring
223,21,4.8,1012.5,0,NW,0.8,winter
224,16,20.9,1001,0,E,2.5,summer
225,19,1.3,1026.1,0,WSW,1.5,winter
226,23,2,1020.9,0,ENE,2.1,winter
227,73,1.9,1012.4,0,S,0.5,spring
228,37,5.4,1019.5,0,SE,1.3,fall
229,2,23.7,1000,0,WNW,1.4,summer
230,2,7.9,1026.2,0,ENE,2.9,fall
231,6,19.6,1001.3,0,W,0.9,summer
232,4,-0.5,1029,0,NW,2.6,winter
233,6,2.9,1030.7,0,N,3.4,spring
234,11,22,1001,0,WNW,1.4,summer
235,26,4,1016.3,0,SW,2.9,spring
236,23,18.3,1003.9,0,SSW,0.8,fall
237,59,9.1,1024,0,SSW,0.8,fall
238,72,7.6,1007.9,0,NE,1.1,spring
239,2,23.4,998.4,0,NW,1.4,summer
240,2,16.7,1010.9,0,NNE,1.2,fall
241,7,23.2,991.7,0,negligible,0.1,summer
242,3,6.6,1016.6,0,NNW,2.1,spring
243,104,-3.4,1015.4,0,W,0.9,winter
244,4.5696,17.1,1003,0,SSW,0.9,summer
245,2,27.6,999.2,0,NW,5.7,spring
246,6,33.8,1001.4,0,ENE,3,summer
247,5,33.1,1002.1,0,N,2.6,summer
248,4,11.6,1005.5,0.1,W,1,spring
249,6,25.1,991.8,0,NE,1.8,summer
250,6,15.7,1005.3,0,W,1.1,summer
251,2,21.9,1000.8,0,NE,1.3,summer
252,21,24.3,997.7,0,NE,1.4,summer
253,2,24.6,1009.2,0,SSW,3.7,spring
254,11,24.1,1004.8,0,SE,2.1,summer
255,23,22.3,1008.7,0,S,3,spring
256,2,27,1005.9,0,SSW,1.3,fall
257,2,21.9,1002.7,0,E,1.1,summer
258,3,16.6,1011,0,SSW,2.2,spring
259,17,24.2,996.5,0,S,1.2,spring
260,4,24.4,999.1,0,NNW,0.4,summer
261,2,3.5,1019.1,0,NNW,4.4,spring
262,2,20,1000.3,0,WNW,1.1,summer
263,3,10.1,1011.7,0,ENE,3.4,spring
264,6,0.1,1030,0,NNW,2.7,winter
265,54,-0.9,1014,0,WNW,0.8,winter
266,3,22.9,1004.5,0,WSW,1,summer
267,9,25.6,999.2,0,ENE,2.6,spring
268,26,13.6,1018.2,0,S,1.9,spring
269,2,9.1,1021,0,E,1.1,fall
270,2,19.3,1008.7,0.2,NW,1.7,fall
271,5,30.3,1007,0,SE,2.4,summer
272,4,24.6,1009.6,0,W,2.9,fall
273,6,21.3,1002.3,0,SSW,2.2,spring
274,29,-2.8,1013.9,0,ENE,0.9,spring
275,41,24.7,998.5,0,E,1.2,summer
276,47,-1.65,1032,0,SE,1,winter
277,2,21.1,997.1,0,NNE,1.5,summer
278,28,-3.3,1016.4,0,ESE,0.8,spring
279,2,6.9,1018.7,0,NE,1.2,spring
280,2,14,1012.8,0,NE,0.8,fall
281,3,25.1,1006.9,0.2,S,1.6,summer
282,50,-3.575,1018.25,0,NE,1.3,winter
283,15,26.4,1003.9,0,WSW,2.7,spring
284,20,33.1,991.7,0,ESE,2.5,spring
285,2,2.9,1029.7,0,WNW,2.4,winter
286,3,23.6,1005.1,0,SW,5.2,spring
287,10,29.6,1007.4,0,SE,2.7,summer
288,11,27,997.2,0,ENE,2.4,spring
289,2,19.5,1016.5,0,N,2.8,spring
290,6,13.9,1014.8,0,NNE,1,fall
291,5,25,995.6,0,WNW,0.4,spring
292,51,29.7,1004.8,0,WSW,2.7,spring
293,2,25.4,1004.3,0,W,1.3,fall
294,128,14.6,1004.6,0,S,1.7,spring
295,2,8.4,1026.7,0,NNE,2.3,spring
296,9,1.5,1019.5,0,NW,3.3,winter
297,119,21.9,1011.8,0,ENE,2.8,spring
298,61,2.8,1012.9,0,ENE,0.7,winter
299,7,7.1,1022.1,0,N,3,winter
300,9,14.1,1002,0,ENE,0.9,spring
301,11,2.5,1016.7,0,ESE,1.4,winter
302,14,22.1,1004.2,0,SSW,2.5,spring
303,3,30.1,1002.3,0,SSE,2.3,summer
304,34,8,1016,0,SW,1.4,winter
305,32,2.3,1005.3,0,WSW,1.9,winter
306,23,28,1010,0,ESE,3.5,spring
307,44,-3.9,1024.6,0,W,0.9,winter
308,7,0.05,1018.5,0,NE,4.1,winter
309,2,27.3,1000.1,0,ENE,0.8,summer
310,2,17.9,1009,0,NNE,0.8,fall
311,18,-2.5,1025.8,0,WNW,4.5,winter
312,6,9.8,1010.5,0,SW,0.8,spring
313,5,31.2,997,0,S,2,summer
314,3,25,1005.8,0,WSW,1.4,spring
315,3,24.1,1003,0,WSW,1.2,spring
316,2,20.2,1004.8,0,WNW,1.9,summer
317,11,9,1023.9,0,WSW,4,spring
318,15,-0.2,1015,0,SW,2.1,winter
319,44,18.1,1005.9,0,negligible,0.1,fall
320,8,0,1018,0.1,WSW,1.8,winter
321,16,9.1,1027,0,SSW,2.7,fall
322,28,6.4,1022.5,0,NW,3.3,winter
323,5,17.5,1005.9,0,NNE,1.5,spring
324,2,27.5,1009.6,0,N,3,fall
325,72,-0.2,1015.4,0,SE,1.5,winter
326,2,14.1,992.8,0,N,3.1,spring
327,6,18.6,1006.9,0,WNW,4.7,spring
328,4,30.2,999.9,0,SW,1.3,summer
329,11,24.9,1010.3,0,NNE,1.5,fall
330,7,23.3,1002.6,0,SSW,1.1,summer
331,20,22.4,1013.3,0,W,1.3,fall
332,80,0.8,1013.3,0,NNE,0.5,winter
333,2,36.9,997,0,E,1.7,summer
334,2,24.1,999,0,WNW,2.8,summer
335,4,22.6,990.5,0,W,1.1,summer
336,26,19.7,1009.8,0,ENE,0.9,spring
337,39,26.6,1001.6,0,NE,2,summer
338,22,15.3,1002.5,0,negligible,0.1,spring
339,3,6.9,1011,0,WNW,4.1,fall
340,96,8.8,1019.3,0,SW,2.3,spring
341,2,1.9,1017.5,0,SSE,0.7,fall
342,3,23.6,997.3,0,ENE,0.7,summer
343,11,11.6,1012.6,0,SW,2.5,spring
344,45,3.7,1008,0,N,1.4,winter
345,8,1.9,1027.9,0,NNW,5.1,winter
346,2,19,997,0,NE,1,summer
347,2,27.1,995,0,WNW,5.7,summer
348,1,-1.5,1022.9,0,NNW,2.5,winter
349,8,27.2,998.9,0,NW,1.2,summer
350,4,-0.2,1024.1,0,NW,3.5,winter
351,30,24.4,1003.2,0,S,2,fall
352,4,-4,1032.9,0,SSW,1,winter
353,6,23.9,998.9,0,SSE,0.9,summer
354,19,4.7,1025.2,0,WSW,3.1,winter
355,9,2,1021,0,NW,2.5,winter
356,44,-8.5,1028.2,0,ENE,1.5,winter
357,2,0.3,1033.1,0,WNW,1.1,fall
358,35,-4.825,1023.25,0,NE,1.1,winter
359,13,-3.5,1020.4,0,negligible,0.1,winter
360,44,20.4,1005.5,0,ENE,3.4,spring
361,13,21.3,998.4,0,SW,0.9,spring
362,3,8.9,1016.5,0,NNW,2.9,winter
363,2,26.5,1001.2,0,NNE,2.3,summer
364,2,34.4,1002.8,0,NW,3.6,summer
365,36,3.4,1011,0,NE,1.5,winter
366,2,23.9,1003.2,2.7,N,1.3,summer
367,5,-0.3,1016.7,0,NW,2.8,winter
368,3,18.3,1014.4,0,ENE,1.5,fall
369,5,18.5,1009.2,0,E,1.1,fall
370,55,1.3,1018.7,0,NNE,1.1,winter
371,3,21,1009.4,0,SW,4.1,spring
372,24,34.1,998.7,0,SW,2.6,summer
373,75,0.6,1023.2,0,SSE,0.8,winter
374,2,15.7,1001.6,0,SSW,0.6,summer
375,72,1.9,1033,0,ENE,0.8,winter
376,11,26.9,996.5,0,SW,1.9,summer
377,2,1.1,1030.5,0,NNW,1.6,winter
378,1,-1.3,1019.5,0,NNW,3.9,fall
379,7,18.6,1004.5,0,ENE,1.3,summer
380,2,25.7,997.6,0,ESE,1.7,summer
381,19,5.8,1020.5,0,E,1.1,fall
382,26,-1.4,1026.6,0,SW,1,winter
383,3,4.9,1025.4,0,NE,1.4,fall
384,10,1.3,1010.1,0,WSW,2.3,winter
385,2,20.9,1009.7,0,NNE,1.3,fall
386,70,3,1015,0,WNW,1.6,winter
387,3,17.5,1011.6,0,NNE,3.9,spring
388,5,-6.6,1022,0,NW,2.3,winter
389,24,32.9,997.6,0,SW,2.4,summer
390,2,20.3,1000.8,0,W,1,spring
391,25,15.7,1007.7,0,NE,1,spring
392,86,0.9,1012.4,0,E,0.9,winter
393,8,-0.3,1026.9,0,N,3,winter
394,37,5,1014,0,WSW,0.9,winter
395,3,7.3,1009.4,0,WNW,5.1,spring
396,7,-4.5,1031.8,0,ENE,1.3,winter
397,25,-2,1031.6,0,ENE,1.5,winter
398,2,10.4,1016.7,0,ENE,1,fall
399,20,3.4,1010.6,0,SE,1,winter
400,5,23.8,1006.1,0,NE,0.7,summer
401,26,2,1017,0,SW,1.8,winter
402,10,34,997.1,0,SW,4.6,summer
403,10,-2.9,1032,0,WNW,2.6,winter
404,121,4.1,1020.7,0,S,0.8,winter
405,3,27.9,1002.1,0,WNW,4.9,spring
406,2,27.4,997.9,0,ENE,0.7,summer
407,2,16.5,1013.2,0,NNW,2.1,fall
408,3,30.9,1001.1,0,NW,4.1,summer
409,5,17.3,1015.3,0,E,2.9,spring
410,9,21.9,1007.3,0,SW,2.9,spring
411,2,32.8,995.5,0,S,2.4,summer
412,34,20.7,1004.3,0,S,2.2,spring
413,28,26.7,999.9,0,WSW,2.8,summer
414,59,10.7,1014.8,0,WSW,2.6,spring
415,2,28.9,996.8,0,SW,2.1,summer
416,16,37.7,991.2,0,ENE,1.4,spring
417,2,21.5,1009,0,NE,0.8,fall
418,8,-6.4,1023.6,0,ENE,0.8,winter
419,13,6.8,1011.3,0.3,NE,1,winter
420,13,18.1,1008.4,0,SSE,2.1,spring
421,16,19.4,999.8,0,SSW,3.7,spring
422,16,21.4,1004.2,0,NW,7,spring
423,30,25.3,1009.3,0,E,1.4,fall
424,43,4.1,1020.6,0,S,2.5,spring
425,14,-4.7,1030,0,NE,2.3,winter
426,12,-1.9,1020.7,0,WSW,1.3,spring
427,13,10.8,1010,0,ESE,1.1,spring
428,2,11.1,1014.6,0,NE,1.3,fall
429,17,-1.5,1016.4,0,SSE,0.7,fall
430,38,7.8,1018,0,SSE,1.3,winter
431,14,25.3,998,0,NW,1.3,summer
432,3,3.2,1015.1,0,WNW,7.4,winter
433,57,2.9,1018.1,0,NE,1.9,spring
434,6,32.2,1002.4,0,SE,1.7,summer
435,28,15.3,1007.3,0,WNW,1.2,spring
436,69,-2.8,1010.6,0,W,1.9,winter
437,23,-4.3,1023.2,0,NE,0.8,winter
438,8,14.6,1007.7,0,NE,0.7,fall
439,1.428,22.5,997.5,0,WNW,1.2,summer
440,2,25,995.1,0,NNW,0.8,summer
441,2,18,1006.3,0,NE,0.3,summer
442,60,-2.5,1023.1,0,WSW,1,winter
443,2,33.2,1000.3,0,NW,2.1,summer
444,36,4.4,1019.1,0,W,1,fall
445,26,25.1,1013.6,0,SE,1.9,fall
446,3,6.8,1021,0,negligible,0.1,fall
447,57,-5.3,1021,0,NE,0.7,winter
448,4,5.9,1021.2,0,W,1.2,fall
449,57,22,1006.8,0,E,2.8,summer
450,19,-5.9,1030.7,0,WSW,2,winter
451,6,14.9,1017.1,0,NW,1.3,fall
452,12,1.7,1011.8,0,NE,1.2,winter
453,5,31.5,997.4,0,W,2,summer
454,2,20.5,1009,0,NE,0.8,fall
455,4,10.2,1016.9,0,NNE,1.7,spring
456,3,14.3,1015.8,0,SE,1,fall
457,12,21.9,1007.9,0,SE,2.3,spring
458,48,2,1009,0,WSW,0.8,winter
459,55,3,1012.3,0,W,0.8,winter
460,31,5.6,1010.5,0,WNW,4,winter
461,12,29.2,1003,0,W,2.5,fall
462,13,7.7,1029,0,WSW,1,fall
463,3,26.2,996.1,0,ENE,1.6,summer
464,41,-8.8,1022.8,0,W,0.8,winter
465,3,28.5,994.1,0,SW,1.1,summer
466,9,21.2,999,0,SW,4.1,spring
467,2,14.5,1015,0,WSW,0.7,fall
468,21,4,1022,0,WSW,1.5,winter
469,6,16.8,1016,0,WSW,2,fall
470,2,28.2,1005.1,0,ESE,2.1,summer
471,2,23.7,999.8,0,SSW,1.2,summer
472,4,27.8,995.5,0,NE,1.9,summer
473,8,-2.875,1027,0,SW,2.6,winter
474,9,17.4,1001.8,0,WSW,1,spring
475,13,22.5,1003.7,0,SSW,0.9,spring
476,13,16,1017.1,0,SW,1.8,fall
477,2,2.6,1025.7,0,E,0.6,spring
478,14,14.4,1016.7,0,NW,1.5,fall
479,6,18.1,1003.9,0.8,NNE,1.9,summer
480,5,26.3,1001.8,0,WSW,2.5,summer
481,26,5.2,1012.8,0,WNW,0.7,winter
482,8,-7.9,1032,0,NE,1.3,winter
483,4,4.4,1026.8,0,WNW,4.5,spring
484,29,1,1022.9,0,NW,3.3,winter
485,31,0.7,1022,0,WSW,1.8,winter
486,2,7.2,1020.7,0,WSW,1.4,fall
487,6,19.3,1009.3,0.1,WNW,0.9,fall
488,10,13.3,1017.6,0,ESE,2.2,fall
489,13,4.7,1016,0,NW,2,fall
490,2,9.2,1018.4,0.8,S,1.6,fall
491,76,-3.1,1013,0,E,1.1,winter
492,2,25.6,998.7,0,W,0.7,summer
493,16,-2.1,1017,0,SSE,0.5,fall
494,3,31.8,996.9,0,NE,2.2,summer
495,2,6,1025.7,0,ENE,4,spring
496,18,12.1,1015.8,0,ESE,2.3,fall
497,2,-0.7,1024.2,0,ENE,0.8,fall
498,14,-8.3,1030.2,0,N,0.8,winter
499,8,3.8,1023,0,WNW,1.6,fall
500,6.5688,25.6,998.3,0,E,1.7,summer
501,13,15.3,1001.4,0,WSW,0.9,spring
502,2,34.4,994.6,0,SSW,2.7,summer
503,5,30.2,994.9,0,NW,4.1,spring
504,8,20.7,1007.6,0,WNW,1,fall
505,17,26,999,0,E,1.5,summer
506,18,-0.8,1019.2,0,ENE,0.9,winter
507,8,29,997.2,0,SW,1.4,summer
508,125,4.1,1024.6,0,WNW,5.7,winter
509,34,25.9,995.7,0,E,3.1,summer
510,62,11,1013,0,WSW,2.6,winter
511,2,9,1005.5,0,E,0.4,spring
512,58,2,1006,0,SW,0.9,winter
513,15,1,1023,0,SSW,1.8,winter
514,6,15.4,1023.5,0,WSW,2.1,fall
515,46,-8,1030,0,ESE,0.4,winter
516,42,19.4,1008.6,0,NW,2.6,spring
517,13,8.6,1022,0,SW,1.1,fall
518,3,-3.6,1023.6,0,NW,4,winter
519,62,5.7,1009.8,0,WNW,2.1,winter
520,38,20.5,1003.1,0,SSE,1.6,spring
521,5,26.7,1007.5,0,SSW,2.8,summer
522,10,20.2,1008.8,0,WSW,0.6,fall
523,10,30.5,999.2,0,SSE,3.1,summer
524,9,20.6,1008.9,0,S,1.2,fall
525,35,27.3,995.2,0,E,2,spring
526,3,19.3,1011.3,0,NW,2.8,spring
527,69,12.1,1012.6,0,W,0.9,spring
528,11,12,1007.9,0,negligible,0.1,fall
529,3,10.4,1006.6,0,NE,0.5,spring
530,38,18.6,1007.5,0,NNE,1.6,spring
531,25,20.4,1014.8,0,S,1.4,fall
532,10,7.7,1021.2,0,ENE,1.5,fall
533,8,13.1,1011.4,0,NE,2.1,fall
534,1.9992,17,1005.7,2.5,N,1.5,summer
535,10,-2.5,1020,0,W,0.9,fall
536,7,23.2,1007,0,SW,3.7,spring
537,10,9.6,1010.6,0,ESE,1.8,fall
538,28,25,990.8,0,NNW,1.4,spring
539,3,23.8,990.4,0,ENE,0.9,spring
540,18.2784,17.5,1010.9,0,NW,0.6,fall
541,3,31.9,999.7,0,SSE,2.1,summer
542,18,6.5,1012.4,0,WSW,1.5,spring
543,45,0.4,1023,0,W,2.2,winter
544,2,30.6,1005.8,0,NW,3.3,fall
545,46,3.8,1022.8,0,SSW,1.1,spring
546,9,33.8,1000.4,0,SW,3.1,summer
547,28,29,1013,0,ESE,2.2,spring
548,2,19.8,998.5,0.3,W,2.1,summer
549,20,4,1024,0,SW,3.1,winter
550,23,5.1,1012.5,0,ENE,0.6,winter
551,3,24.4,1002.1,0,E,1.3,summer
552,89,17.5,1011.7,0,E,1,fall
553,15,25.9,1007.1,0,NE,3.8,fall
554,2,13.9,1014.2,0,NW,2.1,fall
555,38,9.9,1010.6,0,NE,1.4,spring
556,12,15.4,1008.2,0,negligible,0.1,spring
557,2,29.7,1005.6,0,WNW,1.3,summer
558,24,8.2,1015.2,0,SW,3.3,spring
559,10,24.5,1006.9,0,NE,2.6,fall
560,21,23.5,1003.2,0,SSW,3,spring
561,11,23.2,1017,0,NNE,3.9,fall
562,2,1.8,1019.1,0,N,4.6,winter
563,2,12.9,1015.2,0,WSW,0.7,fall
564,9,0.4,1023.6,0,WNW,4.1,winter
565,3,22.4,994.1,0.4,SSE,1.2,summer
566,22,-0.3,1020.4,0,SW,2,winter
567,5,0.8,1017.6,0,NW,4,winter
568,18,-0.1,1018.6,0,W,1.3,spring
569,2,26.8,1002.1,0,SW,1.7,spring
570,2,7.4,1022.2,0,ENE,4.4,spring
571,64,3.4,1016,0,NE,2.3,spring
572,20,26.2,996.7,0,WSW,1.7,summer
573,7,-2.6,1024,0,ESE,1.1,winter
574,3,18.5,1008,0,SSW,0.6,fall
575,13,30.1,1006.3,0,S,2.5,summer
576,9,31.9,997.7,0,SW,3.8,summer
577,49,-1.5,1016.3,0,WSW,0.8,winter
578,15,18.5,1016,0,ENE,2.2,fall
579,11,26.3,996.4,0,NE,1.5,summer
580,18,2.4,1025.8,0,NNE,1.6,winter
581,2,26.5,1001.5,0,ESE,1.6,summer
582,19,23.7,1007.6,0,SSW,1.1,fall
583,10,24.6,999.7,0,ESE,1.1,summer
584,67,10,1003.5,0,SW,1.7,spring
585,2,0.7,1023.4,0,NW,5.9,winter
586,2,25.4,997.5,0,NW,3.1,summer
587,10,32.8,996.7,0,SSE,1.7,summer
588,2,7,1014,0,E,1.4,fall
589,11,3.1,1018.1,0,NW,3.8,winter
590,43,-1.5,1014,0,W,0.9,winter
591,2,26.7,1001.1,0,SSW,1.7,summer
592,8,16.9,1006.2,0,SSE,1.3,spring
593,7,28.5,1003.9,0,SE,3.2,summer
594,4,-10.9,1039.8,0,WNW,5.8,winter
595,8,15.8,1014.7,0,ESE,4.6,spring
596,30,0,1029.6,0,W,2.3,winter
597,9,24.1,1009.1,0,SW,4.2,spring
598,4,19.3,1000,0,W,1,summer
599,28,22.8,1004.7,0,N,1,spring
600,14,24.7,1002.8,0,SSW,3,spring
601,26,18.3,1011.3,0,SW,1.2,spring
602,11,28,1002.3,0,NE,4.2,spring
603,3,0,1021.3,0,WNW,3.8,winter
604,4,10,1015.3,0,NNW,4.1,fall
605,3,23.1,1003,2.6,E,1.4,summer
606,84,3.1,1021.9,0,SE,1,winter
607,124,0.6,1024.7,0,NE,1.9,winter
608,4,-0.4,1025.2,0,ESE,1.3,winter
609,2,15.3,1007.1,0,W,0.7,fall
610,14,22.1,1013.6,0,SSW,1,fall
611,6,31,993.3,0,SW,1.3,summer
612,7,28.9,995.3,0,W,3,summer
613,6,-1,1033.2,0,SSW,0.7,spring
614,2,18.5,997.5,0,WSW,0.9,summer
615,48,16.4,1005.1,0,WNW,6.9,spring
616,3,0.7,1023,0,WNW,1,fall
617,3,22.7,987.9,0,NE,1,summer
618,6,10.9,1018.4,0,SSE,0.5,fall
619,2,14.7,1011.9,0,ENE,1.5,fall
620,17,23.1,1004.5,0,E,0.7,summer
621,2,-0.3,1030,0,W,0.9,fall
622,8,23.4,1005.6,0,SE,0.7,spring
623,3,12.1,1026,0,W,2,fall
624,4,7.1,1023.6,0,NW,3.7,fall
625,12,30.7,1003.1,0,ESE,2.5,summer
626,5,-1.3,1019.6,0,S,1.2,winter
627,12,26.4,1002.3,0,ESE,0.8,spring
628,22,16.3,1002.9,0,SSW,0.6,spring
629,5,27.4,1004.5,0,S,1.5,summer
630,22,29.4,1007,0,SSW,2.7,fall
631,21,-6.6,1023.75,0,SW,1,winter
632,2,28.4,997.3,0,ENE,2.6,summer
633,5,24.8,1012.4,0,SSW,3.4,spring
634,2,14.8,1025.1,0.9,ENE,1.6,fall
635,2,21.9,1004,0.3,NNE,0.9,summer
636,2,10.4,1014.7,0,N,0.7,spring
637,5,23.5,1007.9,0,E,1.7,summer
638,1.428,24.9,995.2,0,W,1.3,summer
639,4,6.3,1018.8,0,NE,2.7,fall
640,22,23.4,991,0,SW,1.9,spring
641,5,15,1016.6,0,WSW,1.9,fall
642,11,16.5,1009.7,0,ESE,1.9,spring
643,13,32.8,995.1,0,S,2,summer
644,16,18.4,1017.7,0,N,2.7,fall
645,22,15.9,995.7,0,ENE,1.6,spring
646,11,23.8,1004.7,0,SE,3.9,spring
647,4,11.5,1026.7,0,ESE,1.9,spring
648,3,4.9,1024.6,0,NNW,4,winter
649,9,16.4,1019.6,0,NNW,3,spring
650,21,9.5,1011.7,0,WSW,1.5,fall
651,6,16.9,1020.1,0.3,NE,1.2,fall
652,17,5.3,1020,0,E,1,spring
653,2,21.6,1001.2,0,NW,1,summer
654,7,27.8,992.1,0,S,1.7,summer
655,29,5.2,1015.9,0,E,2,spring
656,2,27,1001.1,0,E,1.7,summer
657,42,20.9,1003.2,0,S,2.5,spring
658,2,28.4,995.9,0,ESE,2.9,summer
659,66,2.4,1029.7,0,E,1.4,winter
660,2,21.5,993.9,0.4,W,1.4,spring
661,65,0,1021.8,0,NNE,1.5,winter
662,2,17.9,1007.4,0,NW,2.2,fall
663,6,6.8,1029,0,NE,3.8,winter
664,3,18.8,997,0,ENE,0.9,summer
665,4,28.5,1001.7,0,SSW,2.2,summer
666,18,-5,1019,0,NNW,1.3,winter
667,2,6.5,1003.3,0,SSW,1.1,fall
668,5,16.5,1008.3,0,E,1.2,fall
669,9,27.2,998.6,0,SW,1.8,summer
670,16,-0.1,1026.2,0,NE,1.3,winter
671,4,19.7,1015.9,0,SW,2.4,fall
672,70,-1.4,1025,0,E,1.3,fall
673,15,32.8,992.9,0,SSW,1.6,summer
674,35,-1.2,1025,0,SW,0.7,winter
675,74,29.2,1000.4,0,SW,1.5,spring
676,2,29.3,1003.3,0,SSW,0.8,summer
677,19,22.5,1013.1,0,ENE,2.3,fall
678,34,28.1,1014,0,E,2.1,spring
679,2,11.2,1015,0,NE,2.5,fall
680,11,14.3,1011.2,0,WSW,3.5,spring
681,7,8.4,1022.2,0,NE,1.7,winter
682,103,5,1017.5,0,WNW,3.1,spring
683,2,13.5,1012.4,0.2,W,1.2,fall
684,33,-4.3,1020.8,0,ENE,0.4,winter
685,5,19.1,1011.9,0,NE,1,fall
686,2,4.3,1026.8,0,ENE,1.9,spring
687,2,18,1015.8,0,SW,3.9,spring
688,2,23.3,1001,0,ENE,1,summer
689,27,18.7,1001.6,0,S,2.6,spring
690,19,16.9,1010.3,0,SSW,0.7,spring
691,3,24.6,1008.4,0,SW,0.8,summer
692,17,3,1020,0,N,2.2,winter
693,2,29.4,1001.1,0,NNE,2.2,summer
694,15,3.7,1022.2,0,ENE,1.8,winter
695,13,20.8,1001.7,0,E,0.9,summer
696,3,6.3,1027.1,0,NE,2.2,spring
697,2,21.7,1011.5,0,SW,3,spring
698,5,5.3,1015.9,0,NW,6,winter
699,23,30.4,1000.7,0,SSW,2.4,summer
700,36,-1,1026,0,SW,1.3,winter
701,9,10.9,1014.1,0,NNW,3.2,spring
702,2,20.7,1004.3,0,NE,0.8,summer
703,2,13.6,1012.6,0,ESE,1.2,spring
704,26,15.3,1017.3,0,WSW,1.9,fall
705,40,14.9,1015.2,0,WSW,3.5,spring
706,2,21.5,1010,0,SE,0.7,fall
707,6,3,1017.5,0,WSW,1.3,fall
708,19,-4.9,1025.2,0,E,0.6,winter
709,9,24.2,1002.7,0,S,1,fall
710,17,23,1002.9,0,NE,0.9,spring
711,28,22.6,1007.3,0,SW,1.5,spring
712,2,22.9,996.6,0.4,ENE,2.2,summer
713,45,-3.4,1030.1,0,NE,1,winter
714,6,27.9,1001.1,0,NNW,1.4,summer
715,21,8.7,1018,0,SW,1.8,winter
716,3,28,999.2,0,SW,1.6,summer
717,11,35.3,993.7,0,SW,4,summer
718,89,-1.3,1014.7,0,SW,0.5,fall
719,3,25.8,1000.3,0,WSW,1.6,fall
720,3,30.1,1002.2,0,SE,2.3,summer
721,20.2776,28.5,998.4,0,SW,1.4,summer
722,15,7.5,1017.3,0,WSW,2.3,spring
723,2,17.1,1010.9,0,NE,0.4,fall
724,2,29.4,1001,0,ESE,1.3,summer
725,16,3.8,1024,0,WNW,5.3,winter
726,18,-5,1015,0,negligible,0.1,winter
727,9,-5.7,1033.6,0,NNE,2.3,winter
728,8,21.6,1010.8,0,ENE,2.4,fall
729,2,20.5,1010.3,0,WSW,0.9,fall
730,83,-3.2,1013.8,0,NNE,1.3,winter
731,7,17.5,1019.7,0,SW,1.1,fall
732,2,20.3,1005.2,0,E,1.6,fall
733,2,13.6,1007.2,0,NW,3.8,spring
734,2,26.1,1003.1,0,N,2.2,summer
735,6,4,1016,0,NNW,1.9,winter
736,53,3,1026,0,W,2.2,winter
737,14,30.1,1002.7,0,SE,2,summer
738,7,31.1,996.6,0,SW,3,summer
739,42,19.4,1012,0,WSW,3,spring
740,39,24.4,1001.4,0,SW,4.3,spring
741,10,3.6,1011.5,0,NNE,2.1,fall
742,121,3.1,1014.2,0,SW,2.2,winter
743,57,-5.9,1023.2,0,W,1.3,winter
744,13,35.2,997.7,0,SSW,2.4,summer
745,2,14.8,1011.5,0,WNW,4.1,fall
746,3,27.1,997.7,0,NNW,1.3,summer
747,45,-0.2,1016.7,0,ESE,0.9,spring
748,21,32,1003.4,0,SSW,3.5,spring
749,11,-0.7,1016.2,0,WNW,0.7,fall
750,74,-1.4,1024.7,0,ESE,1.3,winter
751,10,11.1,1022,0,WNW,0.9,fall
752,12,8.4,1005.6,0,S,1.4,spring
753,6,4.8,1019.6,0,NNW,1.1,winter
754,4,18.9,1014.1,0,WNW,4.7,fall
755,37,4.3,1025,0,NE,0.5,fall
756,4,30.2,1002.2,0,ENE,1.6,summer
757,26,1.6,1024.6,0,ENE,1.5,winter
758,3,28.5,1006.6,0,NE,3.4,summer
759,21,-9,1027.6,0,W,1.5,winter
760,4,19.7,1018,0,WNW,3.5,fall
761,86,2.4,1014.8,0,SW,0.8,winter
762,2,19.6,1010.4,0,NNW,4.2,spring
763,18,22,1001,0,E,0.7,summer
764,7,26.7,999.3,0,SE,1.2,spring
765,41,-0.6,1027.6,0,S,1.2,winter
766,2,13.1,1012.4,0.4,WNW,2.8,spring
767,7,-7.3,1033,0,NE,2.8,winter
768,2,10.4,1020.8,0,E,1.1,fall
769,38,8.7,999.6,0,E,0.9,spring
770,2,18.2,1012.9,0,negligible,0.1,fall
771,7,28,1007.3,0,S,1.9,summer
772,6,11.4,1012.6,0,SSW,1,spring
773,19,21.4,999.2,0,E,2.1,spring
774,12,-0.266666667,1027,0,NE,2,winter
775,17,10.7,1015.7,0,ESE,3.5,spring
776,30,-3.6,1022.9,0,E,1.3,winter
777,2,10.1,1010.5,0,WNW,4.2,winter
778,4,0.8,1029,0,NW,4.1,winter
779,19,1.9,1021,0,WSW,2.5,winter
780,7,33.3,993.5,0,W,2.6,summer
781,7,0.3,1031.4,0,WNW,4.3,spring
782,2,13.7,1011.1,0,WSW,1.1,spring
783,4,8.1,1002.2,0,ESE,2.5,fall
784,68,1,1020.2,0,WSW,1.7,winter
785,23,15.8,1014.6,0,SSE,1.9,fall
786,33,6.3,1014.3,0,SE,1.1,spring
787,8,14.8,1001.6,0,N,1,spring
788,32,12.4,1001.8,0,negligible,0.1,spring
789,2,25.8,1001,0,ENE,1.3,summer
790,4,7.3,1017.7,0,WNW,1.1,fall
791,3,21.9,1010.2,0,WNW,5.8,spring
792,2,19.5,1004.6,0,NW,0.9,summer
793,24,10.1,1022.6,0,S,1.3,winter
794,2,22.5,1007.9,0,NE,1.3,summer
795,8,3.7,1022.8,0,NE,1.5,spring
796,2,25.7,997.3,0.1,WNW,1.9,summer
797,12,30.4,1005,0,E,4,spring
798,9,18.8,1010.2,0,SSW,1.5,fall
799,17,-2.5,1025.6,0,NE,1.7,winter
800,5,27.5,993.6,0,NW,0.6,summer
801,6,10.1,1004.5,0,W,4.3,winter
802,4,25,1001.9,0,SW,0.5,summer
803,6,27.1,999.3,0,ESE,2,summer
804,31,-3.3,1020,0,W,1,winter
805,2,29.5,996.6,0,S,1.4,summer
806,16,3.9,1017.3,0,N,2.2,winter
807,77,1.12,1016.2,0,NE,1.8,winter
808,2,5.7,1020.8,0,N,0.7,fall
809,8,1,1019.3,0,WSW,1.9,winter
810,34,-3.3,1021.6,0,NE,1.2,winter
811,2,8.5,1023,0.1,NE,1.1,fall
812,4,2.2,1029,0,NNW,4.1,spring
813,34,10.2,1011.1,0,SSW,1.7,fall
814,13,12.6,1007.4,0,WSW,1.1,spring
815,6,7.3,1009.4,0,WSW,1.3,fall
816,25,1.4,1022.6,0,WSW,1.9,winter
817,7,24.9,1011.2,0,ESE,1.4,spring
818,2,14.8,1006.4,0,NNE,1,spring
819,22,20.9,1010.4,0,E,2.5,spring
820,70,-3.5,1021.8,0,ENE,1.1,fall
821,8,22.7,1018,0,SW,3.4,spring
822,2,22.3,1013.9,0.2,SSE,1.2,fall
823,6,-9,1031.2,0,NNW,4,fall
824,14,2.3,1012.1,0,S,1.7,spring
825,3,15.8,1010.8,0,E,0.8,fall
826,8,4.5,1022,0,SW,1.9,fall
827,12,13.1,1013.6,0,ESE,1.1,spring
828,58,7.3,1011.7,0,WSW,2,winter
829,73,3.1,1012.1,0,E,0.8,spring
830,3,14.6,1017,0,N,2.6,spring
831,20,17.7,1013.5,0,WSW,4,spring
832,3,30.9,1004.5,0,NNW,1.9,summer
833,26,10.2,1020.3,0,SW,4.7,spring
834,60,3.2,1013.1,0,NNE,0.9,winter
835,2,25.5,1003.5,0,NNW,1.7,summer
836,42,-4.4,1025,0,SW,1.4,winter
837,10,6.6,1009.8,0.7,W,1.1,spring
838,2,33.6,1000.6,0,ENE,1.6,summer
839,52,-0.3,1018.1,0,ESE,1.2,winter
840,42,17.5,1010.5,0,WNW,2.7,spring
841,23,29.6,1001.1,0,SE,1.5,spring
842,49,-1.3,1018.3,0,SE,1,winter
843,2,2.6,1012,0,WNW,0.6,fall
844,43,0.9,1027.8,0,ENE,1.3,winter
845,23,4.5,1015.5,0,ESE,1.1,spring
846,9,-2,1020.3,0,E,0.7,winter
847,3,30,997.7,0,S,1.9,summer
848,5,26.2,999.8,0,WSW,1.5,summer
849,4,25.1,1001.5,0,NE,0.9,summer
850,73,-4.8,1023.9,0,SW,2,fall
851,37,26.4,997.5,0,ESE,3.1,summer
852,2,29.9,996.9,0,ESE,1.6,summer
853,14,34.9,1002.3,0,SW,2.1,summer
854,5,28.5,993.4,0,NE,0.9,summer
855,13,7.8,1011,0,W,0.6,fall
856,57,6,1016,0,SW,1.7,winter
857,13,11.2,1015,0,WSW,2.2,spring
858,2,7.8,1015.4,0,ESE,1.3,fall
859,18,4.8,1015.2,0,E,1.2,spring
860,2,14.1,1012.4,0,SW,0.6,fall
861,7,4.1,1019.1,0,NW,2,winter
862,82,-3.3,1018.4,0,SE,1.1,winter
863,2,27.5,1002.6,0,NE,1,summer
864,48,-0.5,1021.4,0,W,2.3,winter
865,10,8.2,1025.3,0,WSW,3.8,spring
866,4,4.2,1011.2,0,NE,1.1,fall
867,3,19.2,1007.2,0,ESE,0.7,fall
868,15,-6,1031,0,ENE,2.2,fall
869,2,16,1012,0,WSW,1.9,fall
870,2,4.2,1027.9,0,WNW,5.2,winter
871,10,-1.3,1024,0,NW,2.5,winter
872,44,20.3,1006.2,0,NW,1,spring
873,14,-3.4,1022.4,0,NE,0.9,fall
874,8,27.1,991,0,W,0.7,summer
875,2,-0.9,1030.8,0,W,0.4,fall
876,34,-1.5,1022.4,0,NE,1.1,winter
877,2,22.1,1007.3,0,WNW,3.3,spring
878,77,4,1013.7,0,ENE,1.3,winter
879,3,29,993.7,0,WSW,2.5,summer
880,44,0,1023,0,W,2.2,winter
881,12,34.3,993.6,0,SW,3.3,summer
882,116,11,1011.3,0,SW,2.6,spring
883,6,35,1000.3,0,S,1,summer
884,2,18.6,1008.1,0,NW,1.7,spring
885,19,5.3,1012.6,0,NE,0.8,winter
886,15,22.4,1000.8,0,ENE,2,summer
887,4,22.3,1005.5,0,ENE,1.3,fall
888,30,20.8,1004.3,0,ESE,0.9,spring
889,20,5.7,1020.8,0,NNW,2.2,winter
890,13,18.9,1002.9,0,E,1.4,spring
891,2,15.1,1015,0,ENE,1,fall
892,2,22.7,1005.2,0,ENE,1.5,summer
893,3,-3.8,1025,0,NW,3.8,winter
894,10,4.8,1023,0,WNW,6.3,winter
895,2,25.2,997.9,0,E,1.3,summer
896,2,25.2,1002.4,0,NNE,1.8,summer
897,13,13.7,1014.1,0,W,1.5,spring
898,53,29.4,1001.2,0,SSW,3.4,summer
899,80,27,1004.9,0,NE,1.5,spring
900,41,-3.1,1016.8,0,ENE,0.2,fall
901,24,3.9,1021.3,0,NNW,0.9,winter
902,1.7136,17.6,1005.5,0,NW,1.1,summer
903,42,22.4,1009.8,0,W,1.3,fall
904,34,3.7,1025,0,S,1.5,winter
905,4,-5,1021.9,0,ENE,1.1,winter
906,2,28.7,1008.1,0,WSW,2.4,fall
907,2,29.3,1006.8,0,NE,1.2,summer
908,2,22.3,993.8,0,NNW,1.9,summer
909,18,30.9,998.2,0,S,2.2,summer
910,47,23,1002.1,0,WSW,1,fall
911,9,13.1,1008.4,0,S,3.1,spring
912,25,-1.8,1025.8,0,SSW,2.4,winter
913,2,18.6,1008.5,0,W,0.5,fall
914,45,17.7,1004.1,0,S,2.1,spring
915,28,-5.4,1028.3,0,WSW,0.6,winter
916,26,10.7,1011.1,0,W,0.5,spring
917,8,19.3,1014,0,ENE,0.5,fall
918,17,-4.85,1026.75,0,SW,1.1,winter
919,2,21.4,1013.1,0,SW,2.9,fall
920,4,32.3,1001.8,0,SW,1.7,summer
921,43,19.4,1006.5,0,SSW,1.4,spring
922,64,1.1,1022.7,0,SSW,1.1,winter
923,10,26.9,999.5,0,ENE,1.1,summer
924,13,25.7,1008.2,0,SSW,3.5,fall
925,2,21.7,1000.4,0,NE,1.5,summer
926,30,23.8,1002.7,0,SSW,1.8,spring
927,0.8568,23.7,994.7,0,W,0.7,summer
928,5,22.2,1006.6,0,SSE,4.2,fall
929,55,-0.4,1024,0,W,2.3,winter
930,2,17.9,1018,0,NE,6,fall
931,2,27.8,996.9,0,W,1.4,summer
932,2,21.3,1002,0.6,NNW,1.7,summer
933,6,10.9,1012.6,0,S,1.8,spring
934,38,-8.1,1013.8,0,ESE,1.2,winter
935,3,18.9,1015.6,0,WNW,3.5,fall
936,7,0.7,1017.8,0.5,NNW,4.7,winter
937,4,21.8,1001.2,0,NE,2,summer
938,31,21.7,1008.3,0,ESE,2.5,spring
939,2,26.7,1000.8,0,WSW,1.7,summer
940,10,4.8,1013.2,0,WNW,1.7,fall
941,12,11.3,1017,0,W,1.3,fall
942,6,7,1017.7,0,negligible,0.1,fall
943,2,9.5,1018.1,0,SE,0.5,fall
944,2,23.7,999.7,0,ENE,1.4,summer
945,25,20.7,1008.2,0,SSW,2.4,spring
946,31,28.5,1005.5,0,SSW,2.3,spring
947,6,-5.7,1022.8,0,NNE,4.1,winter
948,27,25.6,995.2,0,E,1.7,summer
949,4,18.7,1005.2,0,SSW,1.3,fall
950,2,17,1011.2,0,ENE,1,fall
951,2,18.4,1002.5,0,negligible,0.1,fall
952,19,3.7,1021.2,0,NE,2.6,winter
953,4,29.6,1006.2,0,S,1.7,summer
954,2,19.6,1007.9,0,ENE,1.6,spring
955,2,18.9,1001.1,0,SW,0.6,fall
956,115,-5.2,1017.7,0,W,1.2,winter
957,2,20.1,1001.7,0,NW,1.6,spring
958,20,1.9,1022,0,W,1.6,fall
959,33,21.2,1005.9,0,ESE,2.2,spring
960,2,29.2,998.8,0,ESE,2.1,summer
961,29,3.4,1021.6,0,WSW,1.9,winter
962,2,21,1001.6,0,NNE,2,spring
963,2,29.3,997.1,0,ESE,1.6,summer
964,2,4.2,1026.5,0,NW,4.1,winter
965,2,18.4,999,0,W,0.7,summer
966,8,22.5,1012.3,0,SW,3.4,spring
967,4,4.6,1018.6,0,N,3.3,winter
968,16,14.1,1003.6,0,S,1.3,fall
969,6,23.8,1003.1,0,ESE,1.5,summer
970,28,24,1003.1,0,SSE,1,spring
971,46,-6.8,1015.1,0,WSW,1.5,winter
972,43,28.5,1002.3,0,SW,1.9,summer
973,11,10.6,1021.4,0,ENE,1.2,fall
974,5,25.2,1005.5,0,ESE,2.9,spring
975,7,30.2,989.9,0,SW,0.9,summer
976,105,0,1026,0,E,0.5,winter
977,6,11.9,1013.3,0,ENE,1.2,spring
978,2,5.6,1022.7,0,SW,2,fall
979,9,19,999.8,0,ESE,1.3,spring
980,5,-1.45,1025,0,NW,4.2,winter
981,94,-7.6,1022.4,0,WSW,0.9,winter
982,4,2.6,1025.3,0,NNW,5.2,winter
983,10,11.5,1017.1,0,negligible,0.1,fall
984,2,20,996.1,0,S,0.4,summer
985,32,0.5,1019,0,ESE,0.9,fall
986,2,17.8,1018.5,0.1,NNW,2.7,fall
987,14,32.9,996.9,0,SW,1.8,summer
988,42,16.7,1014.4,0,SW,1.5,spring
989,5,21.9,994.1,0.9,NNW,1.4,spring
990,15,10,1014.4,0,SSW,2.1,winter
991,3,6.6,1020.6,0,NW,2.1,winter
992,48,-7.225,1030,0,NE,1.3,winter
993,4,34.6,998.3,0,S,2.9,summer
994,5,24.9,1007.7,0,SSW,1.7,summer
995,2,19.025,1021.5,0,NW,2.1,fall
996,2,3.5,1030.5,0,E,0.7,fall
997,2,21.2,1006.7,0,ENE,1.9,summer
998,57,31,999.3,0,ESE,2,summer
999,7,10.3,1015,0,NW,1.9,fall
1000,2,21.2,1005.3,0,NE,1.8,fall
1001,2,20.8,1002.3,0,SSW,0.7,spring
1002,3,15.7,1005.6,0,ENE,0.9,spring
1003,2,10.2,1025,0,NW,2.1,fall
1004,19,31.7,1001,0,SW,4.4,summer
1005,14,26.8,998.2,0,E,2.1,summer
1006,14,13.6,990.7,0,W,0.7,spring
1007,2,17.8,1005.3,1.4,E,2.3,fall
1008,12,9.6,1013.2,0,W,2.4,spring
1009,40,6.9,1019,0,SSW,1.2,fall
1010,28,-3,1023.4,0,SW,1.1,winter
1011,38,0,1016.3,0,WSW,0.6,spring
1012,51,7.9,1016,0,WSW,1.8,winter
1013,3,28.9,989.1,0,NW,1.2,spring
1014,2,27.2,997.2,0,NE,1.9,summer
1015,5,20.1,1003.7,0,ENE,1.3,summer
1016,2,25.5,1006.2,0,NNW,2.7,fall
1017,2,21.4,1008.2,0,NW,2.1,spring
1018,40,3.1,1008.9,0,N,2,winter
1019,78,-0.6,1026.5,0,WSW,0.8,winter
1020,68,0.1,1013.4,0,NE,0.2,winter
1021,8,-7.3,1032.3,0,N,3.1,winter
1022,10,8.2,1010.7,0,W,0.8,spring
1023,3,19.1,1008.1,0,NW,4.3,spring
1024,9,7.3,1020.5,0,E,3,spring
1025,8,24.5,1003.2,0,SE,1.8,summer
1026,21,11.6,1010,0,WSW,2.3,winter
1027,7,20.3,1001.7,0,NNW,1.9,summer
1028,15,1.9,1017.4,0,E,1.1,spring
1029,2,26.9,1005.3,0,WSW,1.3,fall
1030,92,0.2,1014.6,0,ENE,0.6,fall
1031,56,-3.6,1024,0,WSW,1,winter
1032,2,19.1,1007,0,NNE,1,summer
1033,30,2,1021,0,WNW,1.1,winter
1034,7,3.9,1027.2,0,ENE,3.1,winter
1035,26,28.1,1004.3,0,ENE,1.5,fall
1036,8,-1,1019,0,SSW,0.9,winter
1037,30,0.7,1020.4,0,E,1.3,spring
1038,2,10.8,1006.3,0,WSW,2.8,spring
1039,20,29.8,1003.1,0,SSW,2.8,spring
1040,55,9.2,1014,0,SSW,1.2,fall
1041,5,3.2,1022.1,0,NW,3.6,winter
1042,20,31.7,1000,0,WSW,3.9,spring
1043,11,9.9,1015.6,0,NNE,1.6,winter
1044,59,0.1,1017.5,0,S,1.1,winter
1045,4,21.1,1002.2,0.9,NNE,1.8,summer
1046,2,0.7,1024.8,0.6,ENE,1.6,fall
1047,26,2,1017.8,0,ENE,1.4,fall
1048,2,30.4,996.5,0,SW,1.4,summer
1049,2,11.9,1014.7,0,WNW,2.9,fall
1050,39,12.6,1004.4,0,W,0.7,spring
1051,2,-1.6,1029.2,0,NW,5.3,winter
1052,44,22.9,1009.6,0,SW,3.6,spring
1053,21,3.2,1022.2,0,W,1.5,spring
1054,72,15.2,1006.2,0,SE,2.6,spring
1055,5,9.3,1012.1,0,W,1.3,spring
1056,2,28.7,1000.5,0,NE,3.3,summer
1057,48,13.9,1005.2,0,ENE,1.8,spring
1058,9,10.9,1011.1,0,NNE,1.3,spring
1059,3,-0.4,1022,0,W,0.7,fall
1060,7,2.4,1012.1,0,NE,1.2,fall
1061,2,22.2,1004.4,0,SW,4.2,spring
1062,2,14.2,1005.9,0.8,N,3.5,spring
1063,2,15.6,1003.4,0.1,WSW,0.4,summer
1064,41,0.7,1025,0,ENE,1.3,winter
1065,10,7.6,1021.9,0,NNE,3.8,winter
1066,2,21.3,1000.5,0,SE,0.7,summer
1067,11,-6.4,1029.2,0,NNE,4,winter
1068,7,0.1,1026.4,0,NE,1.3,winter
1069,21,-0.8,1026,0,SSE,0.7,winter
1070,11,0,1024.3,0,NNW,4.2,winter
1071,2,13.4,1000,0,NW,5.2,spring
1072,71,5,1012,0,E,1.8,winter
1073,6,25.7,1002,0,S,0.7,fall
1074,8,20.5,1011.7,0,NE,1.8,fall
1075,14,11.8,1006.9,0,negligible,0.1,fall
1076,60,3.8,1016.4,0,E,0.3,spring
1077,2,12,1010.5,0,NE,1.1,spring
1078,2,24.8,998.2,0,NE,1,summer
1079,5,7.4,1007.7,0,WNW,6.3,fall
1080,55,17.9,1007.9,0,WSW,2.8,spring
1081,42,25.1,1003,0,SSW,2,summer
1082,3,3.9,1017,0,WSW,3.3,spring
1083,2,22.5,1000.6,0,WNW,0.7,summer
1084,51,-2,1019,0,NW,1,winter
1085,2,20.5,1011.3,0,ENE,2,fall
1086,13,21.9,1011.1,0,ENE,1.7,fall
1087,2,30.6,995.9,0,SSW,2.3,summer
1088,23,8.3,1016.7,0,NNE,2.7,fall
1089,2,17,1014.9,0,WNW,1.6,spring
1090,2,19.9,998.9,0,NNE,0.7,spring
1091,17,-2,1020,0,WSW,0.7,winter
1092,17,-6,1020,0,W,1,winter
1093,8,12.1,1026.3,0,WSW,2.5,fall
1094,47,-2.2,1026.3,0,ENE,0.8,winter
1095,4,12.6,1023.9,0,SW,3.1,spring
1096,2,6.5,1016,0,NE,0.9,fall
1097,108,0,1016.1,0,SW,0.4,spring
1098,9,18.7,1008.9,0,ENE,1.7,fall
1099,23,9.1,1015.2,0,ENE,1.1,fall
1100,2,24.9,1004.3,0,NW,2.9,summer
1101,26,18.2,1011.9,0,SE,1.8,spring
1102,19,-8.5,1032,0,NNE,1.1,winter
1103,11,17.2,1009.8,0,WSW,2.5,spring
1104,19,0.9,1011.8,0,N,0.7,winter
1105,2,24.8,998.3,0,NW,3.7,spring
1106,17,27.7,1006.2,0,NE,1.3,summer
1107,2,21.5,1007.9,0,WNW,6.9,fall
1108,2,8.425,1012,0,NE,2,fall
1109,13,26.1,996.8,0,NE,2,summer
1110,4,28.3,999.5,0,E,1.3,summer
1111,2,16.4,1013.6,0,ENE,0.8,fall
1112,12,25.5,1001.7,0,WNW,2.8,summer
1113,2,17.2,1009.9,0,SW,2,spring
1114,4,9,1014.9,0,N,2.2,spring
1115,40,-4,1017,0,W,1.6,winter
1116,13,3,1012,0,WNW,3.7,winter
1117,23,15,1001.4,0,WNW,1.5,spring
1118,87,-2.1,1024.1,0,WSW,0.7,winter
1119,4,-2.2,1033.3,0,NNE,4.4,spring
1120,22,12.4,1026,0,SW,2,fall
1121,14,15.2,1021,0,WSW,1.9,fall
1122,10,10.7,1014,0,WNW,2.7,fall
1123,4,20.5,1011.1,0,ENE,2.7,fall
1124,4,25.7,998.6,0,W,1.7,summer
1125,2,14,1014.1,0,NNW,5.5,fall
1126,15,8.4,1010.8,0,WSW,3.1,winter
1127,24,7.1,1012.9,0,ENE,1,fall
1128,2,11.6,1009.9,0,SW,3.6,spring
1129,27,19.2,1015.4,0,NE,1.1,spring
1130,6,-0.4,1028,0,NNE,3.3,winter
1131,3,5.5,1012.3,0,WNW,0.8,spring
1132,5,-1.375,1028.25,0,NE,3.2,winter
1133,3,30.2,996.4,0,NNE,1.7,summer
1134,2,33.4,1004.3,0,SSW,2.6,summer
1135,3.4272,21.7,999.5,0,WSW,0.9,summer
1136,7,1,1029,0,WNW,1.6,winter
1137,38,-1.1,1025.5,0,E,0.6,winter
1138,2,-0.34,1026.8,0,NW,4.8,winter
1139,2,4,1017.4,0,E,0.7,fall
1140,39,-3.8,1027.7,0,ESE,2.5,winter
1141,10,-3.175,1019.5,0,NE,1.6,winter
1142,40,-2.6,1017,0,ENE,1.4,spring
1143,3,24.9,998.8,0,SSW,1.7,summer
1144,2,21.4,1001.4,0.1,WSW,1.5,summer
1145,31,10.1,1015.6,0,SSW,2.5,spring
1146,2,2.7,1022.3,0,ENE,1.2,fall
1147,8,17.6,1009.2,0,SW,1.7,fall
1148,12,9.2,1012.2,0,NW,2.4,fall
1149,4,26.8,993.7,0,E,1.1,summer
1150,65,-5,1014,0,NW,1,winter
1151,11,12.6,1007.2,0,W,2,winter
1152,77,0,1014,0,WSW,1.5,winter
1153,3,0.875,1020.75,0,NE,3.3,winter
1154,2,26.7,999,0,NNW,1.3,summer
1155,10,-5.9,1037,0,E,1.1,fall
1156,17,-3.8,1019.7,0,WSW,0.9,spring
1157,2,28.7,1001.9,0,ENE,2.6,summer
1158,10,20.6,1001.1,0,ENE,0.7,summer
1159,29,-0.525,1026,0,SW,0.7,winter
1160,9,6.5,1025.4,0,SSW,2.5,fall
1161,7,0.8,1023.1,0,E,1.4,spring
1162,12,25.5,995.5,0,ESE,0.9,summer
1163,3,10.1,1020.8,0,NNW,1.5,fall
1164,13,27.9,1004.9,0,SW,2.6,spring
1165,21,17.1,1007.1,0,WNW,1.1,spring
1166,14,-2.9,1028.1,0,WSW,1,winter
1167,29,3,1020,0,NW,3,winter
1168,7,8.2,1021.6,0,NNE,3.7,winter
1169,7,16.5,1016.1,0,NE,1.4,fall
1170,2,9.8,1017.6,0,WNW,6.3,spring
1171,8,23,1013.9,0,WNW,1.3,fall
1172,60,4.1,1023.4,0,E,1.9,winter
1173,6,3.4,1020.5,0,W,0.8,fall
1174,48,8,1026.7,0,SE,2.2,spring
1175,15,22.9,1002.9,0,E,1.7,summer
1176,23,2.6,1012,0,ENE,2.2,winter
1177,8,-5.9,1029,0,W,1.4,winter
1178,20,-3.2,1020.3,0,ENE,0.9,winter
1179,6,2.6,1019.5,0,E,1,fall
1180,9,5.9,1026.8,0,WSW,1.8,fall
1181,28,17.7,1011.3,0,E,0.8,spring
1182,3,6.6,1015.1,0,NW,3.8,winter
1183,39,-2.9,1017.9,0,S,1.8,winter
1184,9,-1.3,1027.9,0,SW,2.7,winter
1185,2,23,1003.4,0,N,0.8,summer
1186,16,0,1028.4,0,NW,3.7,winter
1187,27,29.1,1001.9,0,SW,1.9,summer
1188,7,28.5,995.7,0,SSW,1.3,summer
1189,3,4.3,1020.8,0.3,SE,2.2,fall
1190,66,6.3,1021,0,NNE,0.8,winter
1191,71,0.2,1027,0,NW,2.1,winter
1192,24,3.3,1016.1,0,WSW,1,fall
1193,2,12.7,1002.5,0,ESE,1.3,spring
1194,2,12.4,1012,0,W,0.8,fall
1195,3,30.7,997.4,0,SSW,3.1,summer
1196,2,20.2,1004.4,0,NE,2.2,spring
1197,71,4.6,1017.4,0,E,1.6,spring
1198,8,10.4,1012.9,0,NNW,2.7,spring
1199,12,14.4,1022.9,0,NE,3.9,fall
1200,9,-7,1029,0,WSW,0.6,winter
1201,4,24,992.2,0,WSW,1.1,summer
1202,7,19.6,1015.5,0,S,0.6,fall
1203,3,29.2,996.8,0,SSW,1.9,summer
1204,34,32.6,998.9,0,SW,3.4,spring
1205,11,2,1022.4,0,N,1.3,winter
1206,11,3,1012,0.1,WSW,1.9,winter
1207,2,15.2,1010.7,0,S,1.6,fall
1208,2,18.7,1012,0,W,1.8,fall
1209,10,16.6,1010.7,0,WSW,3.4,spring
1210,7,12.6,1010.5,0,SW,0.9,fall
1211,3,-4,1030,0,ENE,2.8,winter
1212,2,17.5,1015.8,0,WNW,4.7,spring
1213,50,1.8,1021.2,0,ENE,1.4,winter
1214,6,31.9,997.9,0,SSW,3.1,summer
1215,9,-4.9,1031.5,0,NNW,1.5,winter
1216,53,1.5,1010.5,0,NE,0.4,winter
1217,2,18.3,1000.2,0,ENE,1.2,summer
1218,5,16.3,1008.4,0,W,2.1,spring
1219,2,24.5,990.1,0,NE,0.9,summer
1220,4,31.8,996.1,0,SSW,2.6,summer
1221,2,22.5,993.3,0,WNW,2.6,summer
1222,4,27.1,996,0,WNW,1.2,summer
1223,2,18.7,1003.9,0,NE,1.2,fall
1224,14,22.4,1001.2,0,WSW,1.3,spring
1225,35,3.7,1016,0,SSW,2.3,spring
1226,6,-1.1,1024,0,W,0.7,fall
1227,20,0.7,1024.9,0,S,1.2,winter
1228,5,19.3,1008.7,0,NNE,0.4,summer
1229,7,23.3,1004.1,0,SW,3.8,spring
1230,7,8.7,1012.9,0,ESE,1,fall
1231,6,8.6,1019.5,0,S,1.2,fall
1232,3,11.6,1016,0,NW,3.6,fall
1233,61,9.2,1022,0,WSW,0.7,fall
1234,5,30.3,1006.4,0,NE,2.2,summer
1235,49,-4.2,1015,0,NW,0.6,winter
1236,9,7,1017.9,0,WSW,0.8,spring
1237,9,14.9,1006.7,0,NW,0.8,fall
1238,8,-1.7,1020.8,0,NE,0.7,winter
1239,42,1,1025,0,SW,2.6,winter
1240,6,-1.2,1027.9,0,NNE,2.1,winter
1241,2,26.4,994.1,0,NW,0.8,summer
1242,59,0,1020,0,WSW,1.3,winter
1243,12,14.7,1011.8,0,WNW,1.3,spring
1244,71,2.6,1012.5,0,NE,1.4,spring
1245,2,26.3,1001.1,0,NW,1,summer
1246,6,25.8,995.6,0,WSW,1.3,summer
1247,2,9.4,1026,0,WNW,3.5,fall
1248,15,2.5,1009.6,0,W,0.9,spring
1249,40,-1.45,1017,0,NE,1,winter
1250,2,1.9,1028.9,0,E,1.4,fall
1251,3,24,1001.4,0,ENE,4,summer
1252,14,16.7,1008.1,0,NE,0.6,fall
1253,2,8.7,1013.9,0,ENE,1,fall
1254,7,20.4,1000.6,0,NW,4.2,spring
1255,54,1.9,1021.8,0,S,2,winter
1256,4,2,1029.9,0,NNE,0.9,fall
1257,2,14.9,1007.6,0,NNW,3.5,spring
1258,2,31.4,999.7,0,SE,1,summer
1259,25,0.3,1023,0,WNW,8.8,winter
1260,25,28.7,1005.1,0,S,2,summer
1261,3,8.9,1024.2,0,SE,0.5,fall
1262,89,-1.2,1026.3,0,ESE,0.5,winter
1263,2,29.1,1001.5,0,WSW,1.9,summer
1264,31,-6.2,1025.6,0,NE,1.2,winter
1265,29,0.5,1020.3,0,ESE,1.6,spring
1266,13,17.1,1017.6,0,WNW,2.1,fall
1267,7,23.8,1002.7,0,SW,1.8,fall
1268,9,21.3,1004.9,0,SW,4.8,spring
1269,5,-5.3,1037.7,0,ENE,2.3,fall
1270,2,17.7,1009.8,0.3,ENE,1.7,fall
1271,148,-7,1021.3,0,WSW,1,winter
1272,18,4.7,1017.3,0,NE,0.9,spring
1273,2,-4,1016,0,WNW,6.7,winter
1274,33,5.1,1022,0,WNW,4.2,winter
1275,4,25.7,1009.9,0,ENE,2,summer
1276,2,24.8,999.7,0.1,NW,0.9,summer
1277,30,-6.966666667,1032.333333,0,NE,0.9,winter
1278,22,-3.2,1012.2,0,SW,0.8,winter
1279,8,5.1,1020.4,0,negligible,0.1,fall
1280,38,0,1028,0,SW,1.1,winter
1281,22,6.6,1019,0,SW,0.9,spring
1282,7,-4.1,1029.8,0,N,4.2,winter
1283,9,22.5,1002.1,0,SSW,1.5,fall
1284,114,4.7,1007.6,0,negligible,0.1,spring
1285,15,27.6,1008.8,0,SW,4.4,spring
1286,22,13.3,1007.3,0,E,1.6,spring
1287,2,-0.7,1021.9,0.2,NNE,3.5,fall
1288,38,25.1,1002.8,0,S,3,spring
1289,5,28.9,995.1,0,SSW,1.4,spring
1290,10,5.9,1021,0,SSW,1.8,fall
1291,8,0.5,1025.2,0,ESE,1.2,winter
1292,3,11.5,1015,0,W,1,fall
1293,107,14.5,1005.4,0,SSW,2.1,spring
1294,8,26.8,990.7,0,E,1.4,summer
1295,2,16.25,1009,0,SW,2.3,fall
1296,9,21.5,999.5,3.5,WSW,3,spring
1297,14,26.2,1005.6,0,SW,3.2,spring
1298,20,3.8,1012.2,0,SSW,1.7,winter
1299,2,15.7,1017.9,0,N,0.9,fall
1300,2,26.9,999.1,0,ESE,2.4,summer
1301,14,33.1,992.3,0,ENE,2.7,summer
1302,2,15.3,1001.5,0,WSW,1.3,spring
1303,11,29.6,1002.5,0,E,4.4,summer
1304,12,32,997.1,0,SSW,2.6,summer
1305,24,6.3,1020.5,0,E,1.2,fall
1306,16,1.6,1030.4,0,SSW,1.1,winter
1307,28,-2.1,1021.2,0,WSW,1.3,winter
1308,14,-1,1014,0,WSW,1.3,winter
1309,60,15.9,1008.2,0,SSW,2.9,spring
1310,2,27,1005.9,0,E,1.4,summer
1311,14,27.1,1005.6,0,SSE,1.4,spring
1312,2,20.4,1002.8,0,WNW,1.7,summer
1313,20,8.5,1014.4,0,SSW,1.8,fall
1314,3,26.5,1001,0,SE,1.4,summer
1315,31,0.2,1023.3,0,NNW,2,winter
1316,2,28.9,1003.1,0,WNW,1.8,summer
1317,2,18.3,1000.3,0,W,0.3,fall
1318,10,5.8,1021.6,0,SE,1,fall
1319,12,18.8,997.9,0,S,0.3,summer
1320,9,-11.1,1030.9,0,ENE,2.4,winter
1321,6,33.6,999,0,E,1.7,summer
1322,2,19.4,1011.3,0,NNE,1.4,fall
1323,5,9.7,1016.8,0,WNW,4.4,fall
1324,2,28.5,1008.8,0,NE,3.6,summer
1325,2,0.6,1028.5,0,SSW,0.5,fall
1326,2,31.2,1000.9,0,E,1.9,summer
1327,16,13.9,1022.7,0,SW,1.5,fall
1328,21,30.5,1001,0,E,0.9,summer
1329,2,23.2,1003.1,0.1,N,1.4,fall
1330,2,31.1,1003.1,0,E,2.3,summer
1331,3,31.4,1000.9,0,SW,1.2,summer
1332,2,20.475,1017.25,0,NE,5.7,fall
1333,11.9952,-1.7,1022.2,0,S,1.2,winter
1334,9,26.1,1006,0,ENE,1.1,summer
1335,4,-1.1,1021.3,0,WNW,5.1,fall
1336,2,23.2,1005.6,0.1,W,2.1,summer
1337,5,1.6,1036.4,0,NNW,3.7,fall
1338,14,30.1,1008,0,ENE,1.6,summer
1339,46,8.8,1018.6,0,SSW,1.5,spring
1340,40,19.3,1004.9,0,SSE,1,spring
1341,8,0.4,1028.2,0.2,ESE,1.5,fall
1342,40,0.6,1026.7,0,W,2,winter
1343,5,7.4,1022.4,0,NW,6.4,winter
1344,9,17.7,1009.3,0,negligible,0.1,spring
1345,35,2,1022,0.3,SW,1.3,winter
1346,3,11.3,1018.4,0,NW,2,spring
1347,2,16.6,1008.6,0,NW,3.3,spring
1348,8,23.4,1001.6,0,N,0.9,summer
1349,3,26.1,1000.8,0,ENE,2,summer
1350,21,3.3,1020.8,0.5,WSW,2.6,spring
1351,6,22.2,1009.8,0,ENE,1.8,summer
1352,2,29,1002.3,0,SW,1.9,summer
1353,3,21,1006.4,0,E,2.8,summer
1354,3,3,1026.9,0,NNW,3.1,spring
1355,1,26.2,1005.8,0,NE,2.7,summer
1356,2,31.1,1004,0,ENE,2.9,summer
1357,4,8.6,1014.1,0,NNE,1.4,winter
1358,6,20.4,999.2,0,ENE,0.7,summer
1359,2,11.8,1006.3,0,ENE,1.2,fall
1360,5,-4.4,1028,0,NW,2.2,winter
1361,41,12.9,1004,0,S,1.8,spring
1362,8,23.2,995.3,0,SSE,1,summer
1363,2,30.8,997.9,0,S,1.1,summer
1364,8,9.5,1014.4,0,NNW,2.6,spring
1365,70,-0.4,1025.3,0,NW,1.7,winter
1366,7,-4.8,1021.8,0,N,5.4,winter
1367,5,-1,1030,0,WNW,3.8,winter
1368,2,21.4,1001.3,0,NW,3.2,spring
1369,20,-3.2,1034.5,0,NE,2.9,fall
1370,2,13.9,1014.7,0,WNW,0.8,fall
1371,2,21.9,1001.7,0,SE,1.4,summer
1372,3,26.4,992.4,0,WSW,2.9,spring
1373,17,17.6,1020.1,0,WSW,2.5,fall
1374,84,-2.9,1004.3,0,W,1.3,winter
1375,47,3,1021,0,SW,1.6,winter
1376,10,23.1,1009.4,0,SW,2.2,spring
1377,7,-5.7,1033,0,NE,2.1,winter
1378,9,23.4,1004.7,0,E,1.8,summer
1379,2,33.9,996,0,SSW,1.1,summer
1380,2,32.8,1000,0,ESE,2.2,summer
1381,2,27.2,1008.8,0,SSE,2,fall
1382,31,-5.8,1030.8,0,NNE,1.9,winter
1383,2,31.4,1007.7,0,ENE,3.2,summer
1384,23,15.1,1003.9,0,WSW,0.9,spring
1385,8,17.6,1011,8.1,SSW,1.4,fall
1386,6,14.7,1010.9,0,WNW,0.7,spring
1387,2,23.5,1003.9,0,E,1.9,summer
1388,9,14.7,1015,0,ESE,0.9,fall
1389,26,2.4,1022.8,0,WNW,1.2,winter
1390,2,23.3,1005,0,E,0.9,summer
1391,37,-3,1030.8,0,NNE,2.3,winter
1392,2,30.7,1001.7,0,SSE,2,summer
1393,22,9.9,1015.6,0,E,1,fall
1394,2,28.9,1000.2,0,WSW,2.1,summer
1395,15,19,1005.6,0,SSE,1.7,spring
1396,9,20.9,999.4,0,WNW,3,summer
1397,2,31.5,1006.6,0,SW,1.7,summer
1398,5,1.3,1026,0,WNW,6.5,winter
1399,103,-4.5,1024.4,0,NE,1.1,winter
1400,2,11.3,1013.9,0,NE,1.6,spring
1401,3,21,1008.2,0,SE,1.4,summer
1402,4,16.8,1013.2,0,E,1.2,fall
1403,6,9.2,1005.7,0,NE,1.3,fall
1404,11,12.5,1011.8,0,NW,1.5,fall
1405,7,28.1,1000.5,0,NE,1.7,summer
1406,2,20,1006.9,0,NE,1.4,fall
1407,2,25.6,1000.3,0,E,2.9,summer
1408,39,8,1021,0,W,4.3,winter
1409,2,1.7,1017.5,0,NW,3.4,winter
1410,20,23.6,1002.1,0,SW,4,spring
1411,49,12.8,1005.7,0,ESE,1.7,spring
1412,2,20.6,1004.4,0,WSW,0.6,summer
1413,28,-3.5,1023.7,0,WSW,1,spring
1414,4,14.6,1008.7,0,SSW,2.2,spring
1415,6,2.7,1022.3,0,negligible,0.1,fall
1416,2,0.9,1019.7,0,NNW,4.3,winter
1417,4,13,1000,0,W,1.6,spring
1418,18,11.7,1009.4,0,SE,1.8,spring
1419,25,5.7,1014.8,0,SSE,1.4,winter
1420,5,13.5,1025,0,SSW,3.2,fall
1421,4,33,1006.4,0,SSW,2.1,summer
1422,2,20.7,1013.4,0,NNW,3.8,fall
1423,4,15.5,1023.5,0,ENE,1.3,fall
1424,13,5.2,1007,0,NE,2.4,spring
1425,3,25.5,997.4,0,WSW,1,summer
1426,2,29.1,1003,0,ENE,1.7,summer
1427,15,17.5,1005.7,0,SW,2.6,spring
1428,2,8,1019.9,0,NE,0.3,fall
1429,7,4,1013,0,WNW,1.5,winter
1430,3,19,1010.1,0,W,0.8,fall
1431,6,0.1,1025.8,0,NE,1,winter
1432,8,0,1018,0,SW,1.1,winter
1433,2,9.6,1019.6,0,NE,2.3,fall
1434,2,14.1,1013.6,0,WSW,1.9,fall
1435,2,22.7,1008.3,0,NW,3.7,spring
1436,2,10.2,1014.2,0,NNE,1,fall
1437,83,-8.4,1022.6,0,WSW,0.6,winter
1438,7,10.8,996.7,0,NW,0.6,spring
1439,25,30.7,994.2,0,SSW,2,spring
1440,7,36.5,992.8,0,NNW,0.9,summer
1441,2,29.3,1010,0,S,2.6,fall
1442,4,7.1,1022.9,0,WNW,5.9,winter
1443,2,21.2,1009.6,0,SW,1,summer
1444,6,33.2,988.8,0,SSW,2.2,summer
1445,10,21.7,1010.5,0,SSE,0.6,fall
1446,27,3,1017,0,SW,1.3,winter
1447,2,6.2,1023.1,0,ENE,3.6,spring
1448,22,-2.35,1030.5,0,NE,1.5,winter
1449,62,-3.8,1016.2,0,ENE,0.6,fall
1450,24,5.5,1010.2,0,NE,1.2,spring
1451,2,20.8,996.6,0.4,E,1.4,summer
1452,2,24.3,1002.7,0.2,SE,1,summer
1453,2,25,1006,0,SE,2.2,summer
1454,6,15.4,999.3,0,ENE,0.7,spring
1455,2,12.9,1002.9,0,W,0.8,spring
1456,5,31.2,998.4,0,SSW,2.2,summer
1457,40,0.4,1009,0,S,1.6,winter
1458,2,27,998.1,0,S,0.8,summer
1459,5,6.3,1021,0,SW,3.1,spring
1460,38,0.2,1014.6,0,SSE,1.7,spring
1461,6,29.5,999.4,0,NE,2.5,summer
1462,4,13.4,1006.3,0,WNW,2.3,spring
1463,7,16.3,1006.1,0,SSW,1.7,spring
1464,4,3.2,1029.6,0,NW,4.3,winter
1465,3,22.2,996.2,0,E,1.1,summer
1466,44,21.9,1013.3,0,S,2.2,spring
1467,17,2.6,1012.1,0,ENE,1.6,winter
1468,9,25,1003.9,0,SSW,1.7,summer
1469,2,24.9,1004.1,0,E,1.8,summer
1470,2,28.4,1002.5,0,SW,0.8,summer
1471,2,9.5,1017.7,0,NW,5.2,spring
1472,59,21.7,1006.5,0,E,3.8,summer
1473,2,24.1,1003,0,N,1.4,summer
1474,5,31.5,998.9,0,S,1.6,summer
1475,7,1,1009,0,SW,0.2,winter
1476,26,-2.9,1017.3,0,SE,1.3,winter
1477,3,3.7,1021.9,0,ESE,2,fall
1478,18,-3.6,1033,0,NE,2.3,winter
1479,5,5.6,1022,0,WSW,1.8,winter
1480,3,-3.9,1023.7,0,NNW,1.8,winter
1481,21,2.1,1019.4,0,ENE,1.5,winter
1482,2,11.8,1025.5,0,NNW,2.8,fall
1483,4,32.8,1000.9,0,SSE,2.3,summer
1484,3,20.8,1000.5,0,ENE,1.7,summer
1485,2,33.7,1003.8,0,SSE,1.4,summer
1486,33,5.9,1012.4,0,SE,1,spring
1487,2,25.5,1004,0,NNE,1.6,fall
1488,17,27.8,1000.7,0,SSE,1.3,summer
1489,12,22.8,1002,0,SW,4.5,spring
1490,12,18.6,1001.4,17.1,E,7.3,summer
1491,3,16.6,1003.2,0.6,ENE,1.1,spring
1492,2,28.2,998.1,0,SE,0.8,summer
1493,13,27.4,1003,0,SW,2.2,fall
1494,7,15.2,1014.7,0,negligible,0.1,fall
1495,4,16.8,1019.7,0,NE,3.7,fall
1496,2,25.3,1003.8,0,NE,4.7,spring
1497,12,21.7,1015.6,0,SW,1.9,fall
1498,46,3.6,1013.5,0,ESE,0.4,spring
1499,2,25.4,1008.9,0,ENE,1.7,fall
1500,19,25.8,994,0,SSW,0.9,spring
1501,5,7.8,1024,0,NW,3.6,fall
1502,2,21.7,1010.3,0,SW,4.4,spring
1503,39,-5,1030,0,W,0.7,winter
1504,14,19.6,1007.7,0,SSW,2.9,fall
1505,7,2.9,1022,0,N,2.5,winter
1506,5,-0.7,1025.8,0,ESE,1.8,winter
1507,2,14.9,1013.2,0,ENE,1.8,fall
1508,3,0.6,1022.3,0,NW,4.6,winter
1509,31,8.9,1004.4,0,NE,1.7,spring
1510,13,18.3,1011.2,0,SW,0.9,spring
1511,5.9976,17.9,1009.9,0,NE,1.6,fall
1512,64,18.8,993.9,0,SE,1.9,spring
1513,7,28.6,1009.6,0,S,2.2,spring
1514,2,27.6,999.4,0,S,0.6,summer
1515,43,-2.5,1017.6,0,E,1,winter
1516,3,28.8,997.2,0,SSW,1.7,summer
1517,3,7.1,1017.1,0,N,2.1,spring
1518,2,23.1,1001.9,0,W,0.5,summer
1519,49,-0.8,1016,0,ESE,1.4,winter
1520,4,9.5,1023.6,0,NW,2,fall
1521,3,26,999.8,0,W,0.9,summer
1522,10,4.8,1023,0,NW,3.2,winter
1523,2,19.725,1017.75,0,NW,5.5,fall
1524,15,7.1,1013.8,0,SSE,1.2,spring
1525,158,-4.3,1018.1,0,W,1.2,winter
1526,24,15.5,1011.5,0,SSW,1.6,spring
1527,46,2.6,1023.8,0,E,1.5,winter
1528,10,31.7,1002.9,0,SSE,1.3,summer
1529,9,0.4,1027.6,0,ENE,1.5,winter
1530,32,-3.6,1033.4,0,E,1.5,winter
1531,2,28.5,1000.9,0,ENE,1.7,summer
1532,3,14.4,1002.8,0,S,1.3,spring
1533,8,13,1009.1,0,NNE,4.6,spring
1534,15,2.9,1028,0,NW,1.7,winter
1535,44,2.3,1008.1,0,ENE,0.8,spring
1536,36,-3.7,1024,0,SSW,0.7,winter
1537,58,3,1021,0,SSW,2.6,winter
1538,2,28.3,1003.1,0,NNE,1.4,summer
1539,2,19.3,997,0,ENE,1.4,summer
1540,2,21.9,999.3,0,W,0.8,summer
1541,3,25.8,996.8,0,N,0.7,summer
1542,6,-2.15,1019,0,NE,1,winter
1543,2,27.9,998.7,0,SSW,0.8,summer
1544,2,32.5,1002.8,0,NW,3.2,summer
1545,8,19.1,1009.1,0,WNW,1,fall
1546,2,8.3,1020.6,0,WNW,4.9,spring
1547,37,17,1003.4,0,NW,3.7,spring
1548,3,12.8,999.4,0,ESE,1,spring
1549,2,27.4,1005.9,0,SW,4.1,summer
1550,36,-3.8,1019.5,0,SW,2.2,winter
1551,62,10.2,1002.3,0,NE,1.2,spring
1552,2,11.2,1010.4,0,SSW,1.5,fall
1553,76,-3.4,1019,0,E,0.9,winter
1554,8,26.1,1000.7,0,SW,1.8,summer
1555,27,1,1021,0,NW,1.9,winter
1556,2,19,1008.1,0,N,2.7,spring
1557,2,11.5,1018.8,0,WNW,1.4,fall
1558,2,23.2,998.5,0,ENE,0.7,summer
1559,2,25.8,1008.4,0,WSW,1,fall
1560,13,19.2,1008.4,0,ENE,2.9,spring
1561,12,22.6,996.9,0,ENE,1.7,summer
1562,10,15.8,1013.5,0,SSE,1.5,fall
1563,2,-2.2,1023.4,0,SSW,2.4,winter
1564,3,16,1012.2,0,SE,1,fall
1565,10,3.5,1021.1,0,SW,2.1,winter
1566,29,3.8,1020,0,WNW,4.4,winter
1567,2,4.2,1020.5,0,SSW,0.9,fall
1568,20,6.2,1028.7,0,NNE,2.2,winter
1569,13,-3.1,1030.6,0,ENE,0.8,fall
1570,3,17.7,1005.6,0,W,1,fall
1571,2,28,994.7,0,N,0.8,summer
1572,2,19,1001.4,0,NW,0.9,summer
1573,12,25.6,1006.5,0,SW,2.5,spring
1574,64,1.8,1023.9,0,W,1.6,winter
1575,24,8,1026.2,0,NE,1.2,fall
1576,15,11.4,1018.9,0,NNE,1.6,fall
1577,2,17.3,1025.2,0,NE,3.6,fall
1578,7,16.4,1006.1,0,negligible,0.1,fall
1579,2,22.1,1009.4,0,NE,2,summer
1580,4,7,1024,0,SSW,1.9,fall
1581,27,30.1,999.5,0,NNE,1.2,summer
1582,2,6.5,1017.9,0,WSW,0.6,fall
1583,14,34,1001.1,0,SW,2.8,summer
1584,2,24.1,999.2,0,W,3.5,summer
1585,19,2.6,1017.4,0,ENE,0.6,fall
1586,7,-4,1032.9,0.1,SSE,0.5,fall
1587,1,18.6,1018,0,NNE,2.9,fall
1588,3,29,998.5,0,S,0.6,summer
1589,2,22.5,1012.8,0,NNE,1.7,summer
1590,7,0.7,1030,0,WNW,3.7,winter
1591,9,11.4,1015.8,0,negligible,0.1,fall
1592,8,-0.3,1023.8,0,negligible,0.1,spring
1593,48,31,997.5,0,SW,1.4,summer
1594,7,23.3,993.8,0,WNW,0.8,summer
1595,101,1.4,1022.2,0,SSW,1.8,winter
1596,2,17.6,1009.1,0,N,1.2,summer
1597,2,20.4,1017.7,0,S,1.6,fall
1598,2,26.9,1001.2,0,NNW,1.3,summer
1599,41,22.3,999.6,0,E,2.5,spring
1600,2,23.5,1001.5,0,NE,1.6,summer
1601,6,11.6,1004.3,0,SSW,0.5,fall
1602,72,-6.6,1024.3,0,SW,0.9,winter
1603,34,1.3,1016.1,0,W,2.5,winter
1604,2,9.5,1023.7,0,WNW,3.6,fall
1605,14,24,1003,0,SSE,1.6,spring
1606,168,2.9,1021.6,0,WNW,1.2,winter
1607,2,21.5,1009.1,0,SE,1.9,summer
1608,25,24,1006.7,0,WSW,3.6,spring
1609,4,-2.4,1031.1,0,ENE,1.9,winter
1610,17,3.4,1013,0,ENE,2.5,winter
1611,39,-3.5,1023.7,0,ENE,1.5,winter
1612,2,23.5,1003.5,0.2,NNE,2,summer
1613,3,19.3,1014.5,0,SW,2.2,fall
1614,45,-1,1019,0,W,1.3,winter
1615,7,16.1,1009.5,0,SW,0.7,spring
1616,58,3,1018.6,0,NE,1.2,spring
1617,2,32.4,1001.5,0,ENE,1.9,summer
1618,2,14,1016.3,0,SSE,0.8,fall
1619,2,5.6,1004.5,0,ENE,1.4,fall
1620,8,24.5,1009.3,0,E,2.5,fall
1621,82,23.3,1008.1,0,E,2.4,spring
1622,2,25.2,1001.3,0,W,1.9,summer
1623,18,32.3,992.4,0,N,2.4,summer
1624,25,1.475,1019,0,NW,1.1,winter
1625,17,30.2,1002,0,SSW,2.8,summer
1626,3,28,1004.1,0,W,2,summer
1627,7,1.7,1026.9,0,E,0.4,fall
1628,102,-8,1015,0,W,1,winter
1629,5,3.6,1026.7,0,ENE,2.7,winter
1630,2,9.3,1020.6,0,NNW,3.9,spring
1631,5,25.2,1005,0,ENE,2.8,fall
1632,3,28.3,1001.6,0,NE,1.6,summer
1633,2,19.3,1005.8,0,E,0.8,fall
1634,8,4.7,1020.4,0,W,1.4,spring
1635,2,26.1,1002.7,0,ENE,1.3,summer
1636,27,-4.8,1018.3,0,W,1.7,winter
1637,2,26.4,1005.6,0,SW,0.3,summer
1638,2,-1.15,1028,0,NW,3.9,winter
1639,6,24.8,1003,0,ESE,1.7,summer
1640,23,9.8,1024,0,WNW,2.2,fall
1641,69,7.8,1012.8,0,SE,2.2,spring
1642,2,19.1,1005.5,0,NW,3.5,spring
1643,7,8.6,1018.9,0,W,3.6,fall
1644,6,0.5,1035.7,0,ENE,3,winter
1645,199,3.5,1016.1,0,W,1.5,spring
1646,2,14.4,1011.7,0,WNW,4,fall
1647,26,3,1021,0,NW,1.8,winter
1648,4,0.2,1024.7,0,E,1.6,winter
1649,9,27.1,1000.5,0,NNE,1.3,summer
1650,3,27.4,1001.8,0,ESE,0.9,summer
1651,12,7.3,1025.4,0,WSW,3.4,spring
1652,21,-1.9,1012.7,0,WNW,0.8,winter
1653,2,22.5,1000.5,0,E,0.2,summer
1654,20,5.4,1006.6,0,ENE,0.8,spring
1655,5,13.2,1010.7,0,negligible,0.1,fall
1656,2,30.2,1001,0,SW,1,summer
1657,2,0.3,1024.5,0.3,NNE,3.2,fall
1658,16,7.4,1021.7,0,W,3.9,spring
1659,5,-5.1,1027.4,0,NNW,3.5,winter
1660,38,8.7,1027,0,WSW,1.5,fall
1661,3,5.9,1025.3,0,SW,2.1,fall
1662,87,9.6,1007.8,0,NE,1.4,spring
1663,2,18,1008.5,0,E,0.5,summer
1664,5,10.6,999.4,0,S,3,spring
1665,5,-2,1033.8,0,NW,2.7,winter
1666,12,0,1026,0,WNW,6.3,winter
1667,2,18.5,1011.2,0,NE,1,fall
1668,3,-6.825,1033,0,NW,3.3,winter
1669,28,-1.3,1021.4,0,WSW,2.5,winter
1670,3,25.9,999.8,0,E,1.3,summer
1671,33,3.5,1029.6,0,S,1.1,winter
1672,42,-1.4,1021.7,0,WSW,1.4,winter
1673,6,15,1012.6,0,WSW,3.1,spring
1674,9,25.1,1001.8,0,ESE,1.4,summer
1675,46,25.8,999.4,0,SSW,1.9,spring
1676,5,22.8,1011.5,0,SSE,0.9,fall
1677,2,12.9,1016,0,WNW,1.6,fall
1678,2,23.4,1004,0,NE,1.3,summer
1679,9,3,1016,0,NW,3.3,winter
1680,5,0,1026,0,negligible,0.1,fall
1681,2,12,1013.4,0,ESE,0.6,fall
1682,33,-1.1,1022.9,0,W,1,fall
1683,45,3.9,1017.1,0,S,2,winter
1684,13,16.6,1011.7,0,ESE,0.6,spring
1685,36,18.4,1010.6,0,SSW,2.2,spring
1686,39,5.6,1016.2,0,NNE,2.4,fall
1687,14,26.2,995.9,0,W,0.8,summer
1688,2,23.8,997.3,2.4,W,0.8,summer
1689,4,7.5,1019.2,0,SW,1.6,spring
1690,3,8.5,1014.4,0,SW,0.3,spring
1691,2,6.5,1016.7,0,W,1.2,fall
1692,19,14,1005.4,0,E,1.6,spring
1693,10,31.1,1001.1,0,SW,2.1,summer
1694,5,2,1013,0.3,SSW,1.6,winter
1695,25,14.1,1014.6,0,SW,0.7,spring
1696,23,22.5,1011.7,0,E,1.7,fall
1697,46,2.6,1022,0,SSE,1.2,winter
1698,48,2.5,1021.8,0,ESE,1.2,winter
1699,7,3.8,1023.3,0,ESE,1.1,winter
1700,3,23.1,1009.8,0,SSW,1,fall
1701,2,16.5,1009.9,0,SSE,1.1,fall
1702,2,21.2,993.7,0.2,SW,1.6,spring
1703,15,12.6,1011.1,0,SSE,1.2,spring
1704,1,3.5,1023,0,W,0.7,fall
1705,11,11.4,1009,0,SW,1.2,spring
1706,8,22.3,1003.9,0,WSW,2.5,spring
1707,2,8.3,1015.5,0,ENE,1.2,fall
1708,2,10.4,1021.2,0,E,1.1,fall
1709,39,31.9,1000.9,0,SW,4.1,spring
1710,14,3,1015,0,WNW,1.7,winter
1711,2,20.7,999.8,0,NNE,1.4,summer
1712,2,31.8,1000,0,S,2.5,summer
1713,2,10.9,1026,0,NW,2.8,fall
1714,2,30.8,1000.6,0,E,2.3,summer
1715,3,4.9,1014.8,0,NNE,2.3,spring
1716,25,10.8,1004.8,0,SSE,1.4,spring
1717,19,8.9,1012.1,0,S,0.8,fall
1718,67,-0.7,1013,0,ENE,1.5,winter
1719,4,22.1,997.9,0.1,W,1.2,summer
1720,8,7,1015,0,NE,1.8,winter
1721,17,19.3,1011.1,0,E,1.3,spring
1722,3,-2.7,1025.5,0,NNW,4,winter
1723,2,33.3,996.5,0,SSE,1,summer
1724,5,16.8,1013.6,0,ENE,1.7,fall
1725,5,4,1024.1,0,N,2.9,winter
1726,7,21.7,998.1,0.2,N,3.3,summer
1727,9,9.9,1013.5,0,SSW,1.4,spring
1728,6,32,996.1,0,S,1.8,summer
1729,9,1.8,1018,0,NNE,1.9,winter
1730,8,25.3,1003,0,E,0.6,summer
1731,2,19.8,1013.2,0,NNE,3,spring
1732,14,6.9,1024,0,S,2.2,fall
1733,2,33.2,1004.9,0,E,1.9,summer
1734,8,24.5,1006.8,0,ENE,1.8,spring
1735,3,25.3,1006.4,0,E,1.1,summer
1736,18,6.2,1009.9,0,S,2.7,winter
1737,34,-1.9,1025.2,0,WSW,2.5,winter
1738,10,29.4,995.5,0,WNW,1.3,summer
1739,4,3,1020,0,NNW,3.6,winter
1740,11,-0.2,1025.3,0,ENE,1.1,fall
1741,2,33.5,1004.1,0,SE,3,summer
1742,8,7.2,1011.1,0,NNW,5.8,fall
1743,24,1.5,1016.3,0,SSW,0.5,fall
1744,2,15.1,1009.1,0,NE,1.3,spring
1745,15,14.2,1015,0,SW,1.2,fall
1746,25,25.4,1013.9,0,SSW,2.9,fall
1747,15,24.3,1002.5,0,ESE,0.9,summer
1748,26,13.8,1010.8,0,SSW,2.7,spring
1749,2,7.2,1023.2,0,ENE,7.8,spring
1750,3,32.2,1000.2,0,WSW,2,summer
1751,5,9.1,1016.3,0,SE,1.3,fall
1752,4,24.3,1006,0,WNW,3.6,fall
1753,70,4.7,1014.2,0,SE,1.5,spring
1754,28,-1.8,1013.4,0,ENE,1.8,spring
1755,91,-2.1,1016.2,0,W,0.8,spring
1756,3,4,1016.8,0,WSW,2.8,spring
1757,2.5704,22.6,999.7,0,W,1.5,summer
1758,7,24.5,996.6,0,W,7.5,spring
1759,26,27.4,1000.6,0,NW,1.3,summer
1760,19,8.1,1025.8,0,ENE,1.9,fall
1761,27,24.5,1007.6,0,SSW,3.8,spring
1762,2,20.3,1001.5,1.5,WNW,1.3,summer
1763,13,11.3,1027.6,0,SW,3.2,fall
1764,22,3,1017,0,SSW,1.5,winter
1765,14,11.5,1020.3,0,NNE,1.7,fall
1766,2,23.4,996.8,0,WNW,4.1,spring
1767,2,18.65,1009.75,3.4,SW,1.4,fall
1768,13,15.4,1010.4,0,NNE,1.5,spring
1769,4,20.4,1007.1,0,E,2,spring
1770,6,-0.9,1019.1,0,SW,1.1,spring
1771,2,18.2,1014.4,0,W,2.8,spring
1772,36,17.1,1008.3,0,SE,1.6,spring
1773,3,27,995.6,0,NW,5.3,summer
1774,29,25.2,1003.7,0,WSW,2.6,fall
1775,2,24.7,1004.6,0,NE,1.7,summer
1776,32,-3.4,1029.2,0,SE,2,winter
1777,2,10.9,1013.5,0,W,0.8,fall
1778,14,21.3,1004.2,0,SE,3.4,spring
1779,4,-0.9,1021.7,0,NW,4.2,winter
1780,12,21.3,1007,0,ENE,1.3,spring
1781,6,30.7,996,0,ESE,1.8,summer
1782,47,28.2,1004.5,0,SW,2.4,spring
1783,3,25.3,999.7,0,SSW,1.1,summer
1784,29,-4.4,1028.5,0,ENE,1.4,fall
1785,14,2,1025,0,WNW,4.5,winter
1786,6,25,994.9,0,ENE,1,summer
1787,2,31,1006.3,0,SW,1.4,summer
1788,6,14.4,1013.8,0,SE,1.4,fall
1789,3,0.5,1023.2,0,WNW,0.9,fall
1790,19,-2.7,1010.2,0,WNW,1.3,winter
1791,8,32.9,999.1,0,ENE,1.3,summer
1792,5,1.2,1015.9,0,WNW,3.6,winter
1793,74,2.4,1025.2,0,E,1.3,winter
1794,2,10.5,1013.1,0,ENE,1.1,fall
1795,2,16.8,1010.8,0,NW,2.9,spring
1796,36,13,1014.6,0,WSW,1.6,spring
1797,47,24.3,994.9,0,NE,2.9,spring
1798,2,26.2,993.6,0,SW,4.5,summer
1799,46,5.4,1017,0,S,1,winter
1800,2,18.6,1008.6,1,ENE,0.7,fall
1801,3,24.2,995.9,0,E,2.5,summer
1802,16,9.6,1017.9,0,NE,2.8,spring
1803,2,27.2,998.7,0,NE,1.9,fall
1804,10,23,1003.2,0,SSW,3,spring
1805,2,5.1,1017.5,0,NW,5.7,winter
1806,2,10.1,1013.4,1.6,ENE,0.8,fall
1807,2,24.4,999.3,0,NNE,1.9,summer
1808,13,2,1028,0,W,2.2,winter
1809,8,3.9,1022.1,0,NW,3.6,spring
1810,21,-6.1,1030.9,0,WSW,1.4,winter
1811,3,31.5,999.7,0,NW,1.3,summer
1812,34,15.5,1003.4,0,S,1.1,spring
1813,54,4.3,1019.8,0,NE,2.1,winter
1814,15,-2.2,1033.7,0,NW,1.3,fall
1815,2,23.9,999.7,0,N,1.5,summer
1816,36,24.3,1002.8,0,SW,2.3,spring
1817,160,3.7,1020.2,0,ENE,2.3,winter
1818,2,22.7,1009.1,0,SW,4.7,spring
1819,2,21.6,1001.5,0.9,SSW,0.9,summer
1820,5,22.5,1001.9,0,SSW,0.9,fall
1821,4,23.8,1000.5,0,negligible,0.1,summer
1822,18,-0.9,1019.8,0,negligible,0.1,winter
1823,28,22.9,999.9,0,SE,1.9,spring
1824,19,17.3,1005.3,0,NE,1.3,fall
1825,9,25.8,998.8,0,S,0.2,summer
1826,3,29.5,994,0,NNW,3.4,spring
1827,4.284,26,999,0,W,1.2,summer
1828,3,23.8,1011.2,0,SW,1.5,fall
1829,2,15.6,1006,0,NW,1.2,fall
1830,7,18.4,1016,0,WSW,1.6,fall
1831,2,18.4,1015.8,1.3,E,0.8,fall
1832,14,1.7,1019.1,0.1,NE,1.3,winter
1833,20,0.8,1030.9,0,WNW,3.9,winter
1834,45,5.1,1011.8,0,SSE,1.1,spring
1835,14,-1.1,1028,0,WNW,3.9,winter
1836,5,10.4,1023.4,0,SW,4.1,spring
1837,42,14.8,1011.9,0,E,2.1,spring
1838,6,20.3,1005.2,0,negligible,0.1,fall
1839,2,14.4,1024.5,0.1,NW,1.4,fall
1840,2,16.975,1024.5,0,NE,3.5,fall
1841,12,1.9,1017.2,0,ENE,1.8,winter
1842,12,31.8,999.7,0,SSE,2.1,summer
1843,2,30.5,1003.3,0,SW,3.4,spring
1844,7,20.5,999.2,0,SSW,1.3,spring
1845,2,21.3,1002.5,0,SE,1.5,spring
1846,25,10.2,1003.3,0,WNW,0.8,spring
1847,2,14.4,1017.7,0,NNW,0.4,fall
1848,4,20.9,1009.7,0,E,1,spring
1849,2,23.1,1003.9,0,ESE,1.7,summer
1850,2,34.1,1000.5,0,E,3.9,summer
1851,24,17.8,1015.8,0,ESE,2.4,spring
1852,2,22.9,1009.1,0,S,0.9,fall
1853,60,-2,1017.4,0,E,1.4,spring
1854,4,29.8,993.9,0,S,0.8,summer
1855,14,20.4,1002.1,0,WNW,0.5,summer
1856,3,23.7,997.7,0,WNW,0.8,summer
1857,3,4.9,1028.3,0,N,1.2,fall
1858,36,-0.4,1029,0,S,1,winter
1859,6,22.4,998.5,0,SSW,2,spring
1860,2,21,1005.4,0,SW,2.5,spring
1861,135,7.3,1019.8,0,ESE,0.4,winter
1862,57,21.8,1005.6,0,SW,1.8,fall
1863,2,9.9,1018.4,0,negligible,0.1,fall
1864,2,30.2,1001.9,0,ESE,2,summer
1865,2,12.9,1009.9,0,NNE,0.9,fall
1866,2,10.1,1017.8,0,NNW,1.7,fall
1867,8,25.2,1007.2,0,SSW,1.1,spring
1868,10,29.3,1004.2,0,S,3,spring
1869,2,20.6,1005.7,0,SE,0.8,fall
1870,4,26.7,1001.9,0,ESE,1.4,summer
1871,2,28.2,1003.3,0,S,2.1,summer
1872,15,-1.9,1028.9,0,ENE,1.5,winter
1873,7,24.3,1001.5,0,ENE,1.2,summer
1874,49,1,1018,0,WSW,0.2,winter
1875,17,33.4,996.4,0,S,2.1,spring
1876,20,26.8,995.3,0,SE,4.3,spring
1877,10,23.5,1015.2,0,NE,1.9,spring
1878,21,1.4,1017.7,0,NE,2.7,spring
1879,7,1,1023.9,0,ESE,1.7,winter
1880,2,19.2,1005.7,0,NW,4.1,spring
1881,17,20.8,1000.8,0,E,1.7,spring
1882,4,29.4,990.4,0,S,1.8,summer
1883,14,18.6,1015.2,0,WSW,3.2,spring
1884,8,5.3,1012.4,0,NE,2.1,fall
1885,30,12.5,1009.9,0,ESE,2.9,spring
1886,2,18,1003.6,0,NW,5.9,spring
1887,67,-0.5,1013.2,0,NNW,0.8,spring
1888,5,24.6,999.5,0,NW,3.1,summer
1889,64,0.3,1014.8,0,S,0.5,spring
1890,8,23.6,998.4,0,S,1.1,summer
1891,2,19.7,1002,0,W,0.8,summer
1892,25,0.5,1011.1,0,WNW,2.4,winter
1893,49,4.7,1030.4,0,SSW,2.4,winter
1894,20,11.7,1007.1,0,SW,1.7,spring
1895,2,7,1018.6,0.2,WNW,1.1,fall
1896,6,-2.4,1027.5,0,NE,2,winter
1897,8,0.1,1023.9,0.5,E,1.6,fall
1898,3,-9.7,1036.7,0,NNW,4.2,winter
1899,10,4.3,1021.5,0,SW,1.8,spring
1900,15,12.5,1012.8,0,WSW,2.1,spring
1901,3,3.3,1015.2,0,SSW,0.7,spring
1902,3,11.7,1010.5,0,WNW,4.4,spring
1903,13,-4.6,1031.4,0,ENE,1.6,winter
1904,2,29.8,1003.1,0,S,3.3,summer
1905,25,18.8,1010.2,0,NNW,0.8,fall
1906,4,16.6,1014.3,0,SE,1,fall
1907,4,24.2,998.7,0,SSE,0.7,summer
1908,49,7,1007,0,NW,1.4,winter
1909,24,21.3,1003.9,0,SW,1.7,spring
1910,13,24,1000.7,0,WSW,1.3,spring
1911,4,12.3,1022.3,0,SW,3.6,spring
1912,13,-2.8,1033.2,0,NW,1.8,winter
1913,2,14.6,1006.7,0,NNW,1.2,spring
1914,6,14.8,1017,0,WNW,2.3,fall
1915,2,12.3,1010,0,NE,1.2,fall
1916,4,26.5,995.8,0,WSW,1.7,spring
1917,8,32.4,998.7,0,WSW,2,summer
1918,2,27.4,1001.3,0,NNE,2.1,summer
1919,50,-0.3,1021.6,0,WSW,1,winter
1920,59,-1.3,1025,0,E,2,fall
1921,4,9.466666667,1023,0,NE,1.5,fall
1922,15,15,1014.4,0,N,0.9,spring
1923,27,-5.3,1035.2,0,NE,2.7,winter
1924,15,22.6,1005.4,0,SE,2.4,fall
1925,3,12.7,1013.5,0,ENE,0.9,fall
1926,4,-1.4,1025,0,NW,2.1,winter
1927,2,27.6,1002.8,0,ESE,1.5,summer
1928,3,21.7,1001.6,0,ENE,1,summer
1929,12,29.8,999.9,0,S,3.5,spring
1930,15,25.2,1008.3,0,SSW,2.6,spring
1931,42,26.1,999.9,0,SSW,1.4,spring
1932,28,18.3,997.3,0,ENE,1,spring
1933,5,24.7,995.8,0,SSW,0.9,summer
1934,28,11.4,1005.5,0,E,0.7,spring
1935,23,2.1,1029.2,0,E,1.4,fall
1936,2,15.6,1010.6,0,NE,0.6,fall
1937,11,6.4,1016.6,0,WSW,1.5,fall
1938,7,22.4,1008.8,0,E,1.1,summer
1939,5,22.2,1002,0,ESE,1.9,summer
1940,34,26.8,1000.9,0,S,1.9,summer
1941,11,12.6,1010.3,0,WNW,1.3,fall
1942,8,16.2,1012.7,0.1,NNE,1.5,fall
1943,3,28,1000.6,0,SW,5.1,spring
1944,2,25.6,1006.3,0,ENE,2,summer
1945,8,24.7,998.7,0,NNE,1.8,summer
1946,2,24.1,1001.8,0,N,1.1,summer
1947,78,10.7,1011.7,0,SSW,1.1,fall
1948,14,-2.4,1029,0,W,1.1,winter
1949,15,30.3,1002.5,0,S,3,fall
1950,6,-6.8,1027.2,0,NNW,2.1,winter
1951,2,29.4,998.4,0,WSW,1.1,summer
1952,10,6.2,1029.4,0,NE,2.2,winter
1953,22,16.4,1009.9,0,SW,3.7,spring
1954,3,10.6,1010.6,0,WNW,5.4,winter
1955,4,2.6,1015.6,0,NE,1.8,winter
1956,67,1,1012,0,negligible,0.1,winter
1957,2,26.2,997.5,0,ESE,2.6,summer
1958,5,8.7,1005.9,0,WNW,0.6,fall
1959,2,20.8,1004.3,2.3,NW,0.8,fall
1960,31,8.8,1015.6,0,NE,2.2,spring
1961,105,-3.3,1010.7,0,W,0.8,winter
1962,37,5,1019.4,0,SSE,1.4,fall
1963,3,11.6,1014,0,NE,1.3,fall
1964,10,24.1,997.2,0,SSE,1.7,summer
1965,3,0.3,1017.7,0,NW,5.3,winter
1966,36,9.3,1019.2,0,W,0.8,winter
1967,19,3,1003.1,0,S,3.1,spring
1968,4,26.6,1010.2,0,SSW,2.6,fall
1969,23,-2.1,1025.2,0,SE,0.3,winter
1970,10,4,1013,0,WNW,5.8,winter
1971,3,27.3,1005.6,0,SE,0.9,summer
1972,23,20.5,1007.5,0,SE,1.8,spring
1973,2,21.3,1004.3,0,WNW,0.9,summer
1974,2,15.2,1024.7,0.3,E,0.5,fall
1975,57,1.8,1027,0,SW,0.7,winter
1976,5,30.9,990.3,0,WSW,1.5,summer
1977,5,17,1000.7,0,SSE,2.6,spring
1978,2,12.8,993.5,0,WNW,2.7,spring
1979,5,28.7,995.2,0,SE,3.1,summer
1980,5,6.5,1016.5,0,ENE,0.9,spring
1981,66,26.8,1006.9,0,NNE,1.6,fall
1982,5,8.7,1013.8,0,SSE,1.2,spring
1983,2,19.6,1006.5,0,N,2,fall
1984,4,1.2,1026,0,NW,6.1,winter
1985,3,21.2,996.7,0,W,1.2,summer
1986,6,28.7,1003,0,SSW,0.8,summer
1987,9,3.8,1018.7,0,N,2.6,winter
1988,4,13.4,1022.5,0,NNW,3.7,spring
1989,3,33.7,1006.3,0,SE,2.6,summer
1990,3,25.8,1000.2,0,SW,1.4,summer
1991,2,29.4,1001.4,0,SE,2.7,summer
1992,9,1.5,1021.1,0,NE,1.1,winter
1993,3,11.1,1025.7,0,S,1.1,fall
1994,2,19.6,999.5,0,E,1.4,summer
1995,2,24.8,1000.5,0,WSW,2.4,fall
1996,16,21.4,1006.2,0,NE,1.2,fall
1997,3,11,1011.3,0,W,4,spring
1998,65,7.3,1015.3,0,NE,0.9,spring
1999,4,-2.9,1032,0,WNW,5.5,winter
2000,5,2.2,1020.8,0,ENE,1.4,winter
2001,2,24.2,1003.9,0,NE,1.4,summer
2002,3,3.9,1013,0,WNW,5.7,winter
2003,20,6.2,1024,0,SE,1,winter
2004,2,16.3,1014.6,0,negligible,0.1,fall
2005,51,-1.9,1014.2,0,W,1,winter
2006,40,12.3,999.7,0,NE,2.2,spring
2007,3,17,1002.1,0,ENE,2,spring
2008,13,7.2,1025.8,0,WSW,0.8,fall
2009,110,18.2,1011.6,0,NE,2.1,fall
2010,2,29.6,1000,0,N,1.2,spring
2011,3,24.4,1004,0,WSW,2.5,summer
2012,7,29.3,997.6,0,SW,4.1,summer
2013,2,24.6,1003.2,0,NNE,1.8,summer
2014,42,1.8,1017.8,0,W,0.8,fall
2015,19,-5.7,1017.9,0,E,1.1,winter
2016,3,28.1,991.1,0,SSW,1.2,summer
2017,8,3,1020,0,WNW,3.7,winter
2018,24,25,1002.3,0,SW,4.1,spring
2019,13,6.4,1016.3,0,SSE,1.2,spring
2020,7,6.7,1021.3,0,E,2.8,winter
2021,9,20.7,1009.2,0,S,1.5,fall
2022,11,24.3,1001.9,0,SSE,0.9,summer
2023,2,6.3,1008.6,0,ESE,0.4,spring
2024,2,27.9,1006.2,0,E,1.8,fall
2025,8,18.8,1016.4,0,WSW,2.6,fall
2026,153,-4.4,1024.4,0,NE,0.7,winter
2027,5,23.7,995.2,0,ESE,0.6,summer
2028,67,-4.2,1024.3,0,NE,1.7,winter
2029,29,3.4,1014.5,0,E,1,winter
2030,5,2.4,1020.3,0,NE,2.2,fall
2031,5,19.3,1017.1,0,E,1.5,fall
2032,21,2.4,1026.7,0,SSE,2.5,winter
2033,21,16.1,1001.6,0,SE,2.3,spring
2034,7,26.7,1000.9,3,negligible,0.1,summer
2035,4,14.2,1007.6,0,NE,1.3,spring
2036,48,28.2,1000.1,0,ENE,2.1,spring
2037,2,17.8,1011.6,0,E,1.9,fall
2038,38,-3.525,1027,0,NE,1.4,winter
2039,9,-3.7,1023.5,0,N,2,winter
2040,2,23.3,1000.4,0,ESE,0.4,summer
2041,4,9,1029.9,0,NNW,2.3,winter
2042,2,21.6,1002.6,0,NE,1,summer
2043,11,19.5,999.1,0,SW,2.9,spring
2044,106,-2.5,1029.2,0,W,1.3,winter
2045,4,5.2,1032.6,0,NW,3.8,fall
2046,5,15.9,1025.2,0,WNW,2.4,spring
2047,79,12.6,1012.9,0,E,1.1,fall
2048,78,5.9,1015.9,0,SSW,1.3,spring
2049,14,7.1,1022.3,0,SSW,1.4,fall
2050,14,32.6,999.5,0,SW,2,summer
2051,2,20.6,1007.3,0,ENE,0.6,fall
2052,90,-4,1011,0,SW,0.6,winter
2053,8,20.3,999.9,0,W,1.6,fall
2054,2,18.8,1010.3,0,WNW,1.4,fall
2055,2,6,1029.3,0,E,0.8,fall
2056,29,23.6,997.4,2.1,W,1.9,summer
2057,2,8.1,1029.3,0,ENE,2.4,spring
2058,69,4,1007,0,SW,1.5,winter
2059,9,-1,1023.8,0,ESE,1.7,winter
2060,8,25.8,997.8,0,E,2.1,summer
2061,37,-4.1,1012.4,0,NE,0.8,winter
2062,9,10.3,1006.6,0,WNW,0.9,fall
2063,15,7.2,1017.3,0,E,2.4,winter
2064,3,13.5,1019.5,0,ENE,1,fall
2065,62,3.2,1013.4,0,NW,0.8,winter
2066,5,-13.8,1038.7,0,NW,4.9,winter
2067,2,10.9,1019.1,0.6,NNW,1.7,fall
2068,2,30.4,1005.8,0,SSE,2,summer
2069,2,22.2,1008.1,0,ESE,0.9,summer
2070,11,1.5,1020,0,WNW,0.8,fall
2071,18,2,1013,0,SSW,1.6,winter
2072,29,14.6,1006.9,0,NW,1.6,spring
2073,19,20.7,996.3,0,NE,0.2,spring
2074,8,-6.7,1029.5,0,NE,1.2,winter
2075,23,22,1003.8,0,SW,3.9,spring
2076,8,2.7,1031,0,WNW,2.3,winter
2077,45,2.8,1015,0,WNW,0.6,winter
2078,29,-2.8,1022,0,WSW,1,winter
2079,17,32.6,998.1,0,SW,2.2,summer
2080,4,34.6,988.2,0,WSW,2.8,summer
2081,2,23.4,1005.4,0,SW,1.3,summer
2082,64,12.4,1011.3,0,NW,2.2,spring
2083,2,14.3,1013.3,0,SSE,1.4,fall
2084,12,27,1007.2,0,S,3.2,fall
2085,10,34.1,996.2,0,SSW,2.7,summer
2086,6,-3.9,1025.6,0,NE,1.2,winter
2087,90,3.5,1013.1,0,W,0.7,spring
2088,49,-2.6,1013.4,0,WSW,0.8,winter
2089,5,19,1005.8,0,SW,0.8,fall
2090,2,27.7,1007,0,NE,2.1,fall
2091,2,12.2,1019.6,0,NE,2.3,fall
2092,33,34.4,998.6,0,SW,2.9,summer
2093,2,13.9,1010.4,0,SSW,1.8,spring
2094,33,-7.3,1031.2,0,NE,1.3,winter
2095,2,27.1,1011.3,0,N,2.4,fall
2096,6,0.2,1031.9,0,NW,4,winter
2097,2,8.5,1027,0,ENE,1.6,fall
2098,18,-3.2,1028.7,0,SW,0.9,winter
2099,25,3.4,1014.5,0,W,1.9,winter
2100,2,18.8,999,0,W,0.9,summer
2101,2,2.3,1015.5,0,NW,6.3,winter
2102,20,22.1,1003.3,0,WSW,1,spring
2103,7,16.8,1015.5,0,ENE,1,spring
2104,10,23.9,1001.4,0,negligible,0.1,fall
2105,6,8.8,1017.1,0,WSW,0.9,fall
2106,3,26.4,996.2,0,E,1,summer
2107,4,9.2,1012,0,NNE,1.8,winter
2108,70,4,1014,0,WNW,1.6,winter
2109,18,16.5,1017.5,0,NNE,2.9,fall
2110,7,15.8,1021,0,WNW,3.5,fall
2111,2,26.1,992.8,0,ENE,1.8,summer
2112,2,24.1,1003.6,0.5,N,2,summer
2113,2,30.8,1008.4,0,NNE,2.7,summer
2114,9,13.2,1009.1,0,SSW,0.7,spring
2115,3,12.1,1007.6,0,NE,3.8,spring
2116,1.428,22.7,997.3,0,ESE,0.2,summer
2117,38,12.8,1004.5,0,E,1.3,spring
2118,6,-1.2,1023.3,0,ENE,1.8,winter
2119,11,15.9,1004.2,0,SSW,2.6,spring
2120,7,12.6,1015.4,0,W,1,fall
2121,2,10.5,1021.8,0,E,1.3,fall
2122,9,11,1010.8,0,NNE,1.7,spring
2123,29,9.4,1010.9,0,WNW,0.8,spring
2124,4,-0.6,1034.5,0,N,2.6,winter
2125,75,-3.3,1030.8,0,SE,1.6,winter
2126,5,18.7,1006.5,0.5,ESE,0.7,summer
2127,7,7.8,1025,0,WSW,1,fall
2128,2,8.8,1009.6,3.9,NNE,1.6,spring
2129,2,20.4,1004.9,0,WSW,1.4,summer
2130,2,25.7,1002.1,0,W,2,spring
2131,9,4.9,1014.1,0,SSE,0.8,spring
2132,7,1.7,1027.9,0,NNW,4.8,winter
2133,2,19.6,1012.7,0,NE,0.5,summer
2134,3,0.4,1026.7,0,NNW,6.4,winter
2135,2,8.125,1022.25,1.8,NE,3.2,fall
2136,4.284,21.4,1004.6,0,S,1,summer
2137,18,16,1001.4,0,ESE,1.3,spring
2138,4,11.3,1013.5,0,NNW,0.5,fall
2139,17,14.6,1012.6,0,ESE,3.1,spring
2140,25,4,1019,0,SW,1.3,winter
2141,5,30.9,998.7,0,SW,3.6,spring
2142,43,24.1,1006.3,0,SW,2.5,spring
2143,5,4.8,1028,0,NW,4,winter
2144,3,24.6,1015.4,0,ENE,2.7,fall
2145,21,4.2,1015.2,0,ESE,1.5,spring
2146,11,22.8,1005.8,0,E,1,spring
2147,17,6.04,1019.2,0,SW,2.6,winter
2148,13,2.3,1022.6,0,NE,3.2,winter
2149,8,9.1,1003,0,W,5.2,spring
2150,5,5.6,1026.3,0,E,1.2,fall
2151,6,18,1016.6,0,ENE,1.4,fall
2152,6,1.2,1022.7,0,NNW,3.3,winter
2153,3,18.1,1001,0,S,1.4,fall
2154,25,8.6,1010.4,0,WNW,0.8,spring
2155,11,25.9,1002.7,0,E,1.3,spring
2156,3,24.1,1007.1,0,NW,4.3,fall
2157,106,-7,1013,0,WNW,1.1,winter
2158,3,20.7,991.2,0,ESE,0.9,spring
2159,120,7,1012,0,SW,1.4,winter
2160,9,25.9,998.8,0,SW,1.1,summer
2161,110,2.8,1017.7,0,NW,2,spring
2162,2,24,1003.1,0,ENE,1,summer
2163,2,18.8,998.9,0,NW,2.4,spring
2164,2,30.1,1004.8,0,NNW,4.8,summer
2165,16,21.2,1007.4,0,SSW,1.2,fall
2166,10,-4,1029,0,W,1,winter
2167,24,8.5,1020,0,SW,1.2,winter
2168,9,1.4,1030.2,0,NW,2.3,winter
2169,42,0,1016.1,0,ENE,1.8,winter
2170,2,24.9,1009.7,0,ENE,2.8,fall
2171,5,18.6,1012.7,0,ESE,1.4,fall
2172,19,23,1011.5,0,NNE,1.5,fall
2173,38,-5.325,1031,0,NE,0.9,winter
2174,14,18.3,1009.2,0,SW,1.3,spring
2175,2,19.3,1013.1,0,N,0.6,fall
2176,5,23.4,998.8,0,NE,0.8,summer
2177,13,30.4,992.1,0,SSW,1.1,summer
2178,4,12.1,1013.2,0,WSW,0.6,fall
2179,2,16.1,1015,0,SSE,1.4,fall
2180,115,1.9,1026.7,0,SE,0.7,winter
2181,4,29.2,998.6,0,WNW,1.2,summer
2182,46,-1.2,1017.2,0,E,1.3,winter
2183,2,3.5,1021.9,0,NE,2.6,fall
2184,7.9968,27,988,0,NE,1.5,summer
2185,30,9.5,1015.8,0,SSW,0.9,spring
2186,4,19.5,1006.9,0,ENE,1.1,summer
2187,5,18.4,1019.3,0,SSW,2.7,spring
2188,2,7.4,1020.4,0,W,0.7,fall
2189,2,18.8,1005.8,0,SW,1.2,summer
2190,5,7.1,1010.8,0,SW,0.7,fall
2191,69,-0.4,1005.7,0,NE,0.3,spring
2192,11,-1.9,1021.8,0,SW,1.9,winter
2193,7,11.7,1005.7,0,W,0.8,fall
2194,15,6.7,1014.2,0,NNE,1.5,winter
2195,4,30.1,991,0,ENE,0.9,summer
2196,2,0.1,1027.1,0,W,0.6,fall
2197,2,26.7,998.5,0,NW,1.1,summer
2198,2,13.7,1011.5,0,ENE,3.1,spring
2199,21,-2.8,1033.6,0,N,1.8,winter
2200,9,24.7,1006.8,0,SSW,2.9,fall
2201,3,8.9,1000.8,0,E,1.1,spring
2202,2,29.5,1002.2,0,S,2.5,fall
2203,6,29.8,993.8,0,SW,1.3,summer
2204,3,24.7,1009.4,0,WSW,4.6,spring
2205,2,26.9,1002.9,0.2,WSW,3.7,summer
2206,2,22.6,1013.3,0,NNW,2.3,fall
2207,2,15.1,1016.2,0,NE,1,fall
2208,3,32.7,1005.6,0,SSE,2.5,summer
2209,24,21.3,1009.4,0,WSW,2.1,fall
2210,1.1424,23.1,996.1,2.9,W,1,summer
2211,53,1.6,1019.1,0,NE,1,winter
2212,7,5.7,1022.6,0,NW,3.7,spring
2213,2,15.3,1014.8,0,NW,1.4,fall
2214,25,10.2,1006.5,0,W,4.2,fall
2215,70,3.3,1016.3,0,NNE,1.7,spring
2216,4,9.74,1024,0,SE,2.2,fall
2217,83,0.2,1019,0,SW,3.6,winter
2218,94,25.2,1004.7,0,SSW,1.3,spring
2219,3,22.2,1011.2,0,ENE,1.8,fall
2220,47,23.5,1002.3,0,ENE,2.6,spring
2221,2,19.2,1006.8,0,N,2.2,fall
2222,25,21,1005.8,0,WSW,1.4,spring
2223,43,6.9,1017.6,0,ENE,1.4,spring
2224,18,-5,1025.4,0,NE,1.5,winter
2225,8,16.3,1012.7,0,WSW,2.3,spring
2226,15,17.5,1001.3,0,SW,3.3,spring
2227,48,-9.5,1026.2,0,W,0.8,winter
2228,7,8.5,1021.2,0,S,2.5,spring
2229,2,11.2,1018,0,NW,1.4,fall
2230,31,-1.7,1024.9,0,E,1.2,winter
2231,58,22.7,1003.5,0,SW,3.5,spring
2232,2,24.9,1001.9,0,NNE,1.8,summer
2233,2,30.7,1000.5,0,NE,1.3,summer
2234,42,4.3,1020.2,0,E,1.3,winter
2235,12,19.2,1005.9,0,SSW,1,fall
2236,14,20.1,1005.3,0,WSW,4.5,spring
2237,6,1,1013,0.3,SW,0.7,winter
2238,3,21.5,1004.7,0,E,2.1,summer
2239,2,8.9,1022.5,0.3,NW,1.3,fall
2240,56,-4,1014,0,WNW,1,winter
2241,58,0.3,1027.6,0,NE,0.8,winter
2242,5,27.7,1011.6,0,SSW,1.2,fall
2243,40,29.4,1005.8,0,NNE,1.9,spring
2244,21,9.8,1010.6,0,SW,1.8,fall
2245,7,5.7,1026.7,0,NW,4,winter
2246,2,23.8,994.9,0,E,1.8,summer
2247,5,9.3,1027.4,0,SE,1.5,winter
2248,2,25.9,1001.4,0,NNE,1.4,summer
2249,16,26,1011.3,0,SSW,1.9,fall
2250,13,20.7,1002.4,0,WNW,1.5,summer
2251,2,25.5,1001.3,0,WSW,1.6,summer
2252,22,-1.7,1026.6,0,E,0.6,winter
2253,23,25.6,997.5,0,E,3.7,summer
2254,2,4.9,1025.9,0.1,NE,3.9,spring
2255,12,4.1,1027.5,0,NNE,1.5,winter
2256,2,21,1002.6,0,SE,1.5,spring
2257,3,21.2,1000.8,0,N,1.4,spring
2258,18,8.8,1027,0,W,1.8,fall
2259,7,3,1016,0,NW,1.8,winter
2260,2,19.2,1006.1,0,WSW,0.4,summer
2261,8,1.5,1018.1,0,NE,2.7,winter
2262,4,-0.7,1020.8,0,WNW,6.6,winter
2263,11,-4.7,1024.2,0,N,2.2,winter
2264,2,31.1,1000.1,0,SSE,1.5,summer
2265,30,22.2,1008.1,0,WSW,1.7,spring
2266,24,-0.8,1024.2,0,NE,0.7,winter
2267,5,20.6,1008,0,SE,1.8,fall
2268,54,3,1022,0,NW,2.6,winter
2269,6,10.5,1003.5,0,E,0.9,spring
2270,103,3.3,1013,0,NW,2,fall
2271,5,6.1,1023.8,0,N,1.6,fall
2272,6,21.6,1011.1,0,SSW,2.9,fall
2273,2,18.5,1011,0.6,negligible,0.1,fall
2274,2,20.8,1005.2,0,WSW,0.6,summer
2275,5,30.2,1009,0,WNW,1.4,fall
2276,5,27.4,993.3,0,WNW,0.6,summer
2277,35,-3.1,1033,0,S,0.7,winter
2278,12,13.4,1008.8,0,NE,1.5,spring
2279,7,30.9,1005.4,0,SW,2.7,summer
2280,24,0,1015.8,0,E,0.7,spring
2281,2,24.3,1010.4,0,W,1.5,summer
2282,78,-9.5,1025.9,0,WSW,0.5,winter
2283,51,6,1021.5,0,SW,2.2,spring
2284,2,33.5,1003.5,0,S,2.7,summer
2285,2,18.4,1005.9,0.5,ESE,2.1,fall
2286,4,22.1,1011.7,0,WSW,1.8,fall
2287,7,31.5,998,0,NE,1.8,summer
2288,8,17.7,1015.8,0,SE,1.2,fall
2289,2,31,1009.1,0,SSE,1.8,fall
2290,32,3.1,1025.7,0,E,1.3,fall
2291,4,27.7,1005.1,0,NNE,2.1,summer
2292,2,17.6,1014.6,0,N,1.8,spring
2293,5,9.6,1025,0,WNW,2.1,fall
2294,10,32.8,996.8,0,SW,3.9,summer
2295,2,10.9,1013.6,0,NE,1,fall
2296,3,32.6,991.6,0,SW,4.6,summer
2297,9,34.3,987.8,0,NE,2,summer
2298,50,1,1025,0,W,2.5,winter
2299,2,15.3,1007.9,0,WNW,3.3,spring
2300,2,23.5,1000.5,11.8,SSE,2.9,summer
2301,2,24.3,1003.5,0,NW,5.3,spring
2302,8,-5,1025.5,0,ENE,1.2,winter
2303,17,4.6,1031,0,WSW,1.3,winter
2304,2,18.3,1001.7,0,ENE,0.9,spring
2305,46,-5.1,1027.4,0,ENE,1.3,winter
2306,2,-2.2,1032.4,0,W,1.1,fall
2307,50,-6.5,1027.2,0,WSW,0.9,winter
2308,14,20.1,1001.9,0,ENE,1,summer
2309,2,6.8,1026.7,0,ENE,3.2,fall
2310,4,26.1,996,0,W,4.8,spring
2311,16,-2.7,1027.9,0,ENE,1,winter
2312,9,-5.7,1032.3,0,NNW,3.6,winter
2313,2,18.1,1008.5,1.2,NNE,1.2,fall
2314,22,-2.7,1024.6,0,ENE,1.3,winter
2315,3,31.8,1007,0,SSW,2.9,summer
2316,32,13.4,1001.1,0,W,0.2,spring
2317,28,30.7,999.1,0,SSW,1.6,summer
2318,22,14.6,1009.2,0,SSW,2.8,spring
2319,5,-2,1029,0,NW,1.6,winter
2320,3,15.2,1018.1,0,NNW,0.5,fall
2321,23,5.4,1020.9,0,E,2,winter
2322,13,-2.7,1026.7,0,E,0.4,winter
2323,7,30.2,996.9,0,W,1.3,summer
2324,3,26.8,1008.7,0,E,1.9,summer
2325,5,26.7,1000.3,0,E,0.9,summer
2326,15,14.5,1007.3,0,S,1.1,fall
2327,12,4.8,1017,0,S,1.6,spring
2328,2,33.3,999.9,0,SSE,2.4,summer
2329,8,3.9,1018,0,W,1.1,fall
2330,4,8.7,1008.6,0,W,0.8,fall
2331,2,24.6,1004.4,0,N,4.9,spring
2332,10,-4.2,1030,0,NW,0.4,winter
2333,9,1.2,1020.1,0,SW,0.3,winter
2334,13,-4.8,1024.4,0,NNE,2.3,winter
2335,40,0.5,1009.9,0,SE,0.8,spring
2336,2,16.6,1016.4,0,SE,0.9,fall
2337,29,5.3,1023.8,0,ESE,1.5,winter
2338,7,-3.3,1034,0,NW,2.3,winter
2339,9,29.5,997.8,0,SE,3.3,summer
2340,2,9.7,1016.2,0,S,1.3,fall
2341,50,29.4,999.3,0,WNW,0.8,summer
2342,7,-2.4,1030,0,WNW,2,winter
2343,10,-3.7,1032.3,0,NE,2.2,winter
2344,3,5.9,1003.9,0,NE,1.3,fall
2345,3,24,998,0,S,1.2,summer
2346,9,20.7,1008.4,0,ENE,1.4,fall
2347,2,24.4,997,1.3,S,1.6,summer
2348,2,11.1,1007.9,0.3,WNW,2.3,fall
2349,2,23.4,1004.1,0,NE,0.9,summer
2350,30,1.5,1023.2,0,ENE,0.7,winter
2351,46,-3.1,1022.5,0,S,0.8,winter
2352,8,-5,1034.6,0,NE,0.9,winter
2353,1,12.2,1019.6,0,NNW,0.9,fall
2354,3,15.7,1014.6,0,WNW,0.9,spring
2355,2,27.6,999.8,0,N,0.9,summer
2356,6,20.3,1004.4,0,NE,1,spring
2357,40,0.3,1024.7,0,E,1.4,winter
2358,3,-1.8,1029.1,0,NNE,1.6,winter
2359,10,-2.55,1027.5,0,SW,1,winter
2360,75,2.6,1012.5,0,NNE,0.7,winter
2361,10,-7.3,1032.3,0,N,2.2,winter
2362,8,10.3,1012.2,0,SW,3.9,spring
2363,19,9.8,1017.3,0,W,1.1,spring
2364,2,22.7,1000.4,0,WNW,1.3,summer
2365,9,4.2,1023,0,NW,1.8,fall
2366,2,17,1006.6,0,NW,0.8,summer
2367,2,9.3,1023.9,0,NNW,4.5,fall
2368,20,-5.4,1033.6,0,ENE,1.1,winter
2369,100,13.1,1002.5,0,SSW,3.7,spring
2370,2,3.1,1030.5,0,NW,4.1,winter
2371,4,4.2,1016,0,WSW,0.2,fall
2372,2,31.3,1007.8,0,NW,2,summer
2373,2,33.2,997.3,0,ENE,2.4,summer
2374,10,-2,1027,0,WNW,2,winter
2375,12,10.4,1017.3,0,E,0.9,fall
2376,29,22.7,996.8,0,S,1,spring
2377,45,14.6,1002.8,0,NE,1,spring
2378,2,11.7,1014.4,0,WNW,5.7,spring
2379,6,26.1,1002.8,0,ESE,1.1,summer
2380,13,5.4,1018.5,0,WNW,3.2,spring
2381,16,0.6,1030,0,W,0.8,fall
2382,2,6,1026.1,0,NNE,3.3,spring
2383,2,23.5,997.2,0,NW,2.4,spring
2384,3,8.4,1015.9,0,NNE,3.3,spring
2385,9,6.7,1021.8,0,WSW,1.6,spring
2386,46,-9.54,1033,0,NE,1.5,winter
2387,91,24.6,1007.6,0,SSW,2.2,spring
2388,4,22.4,992.4,0,E,0.5,summer
2389,7,28.4,996.3,0,WSW,0.6,summer
2390,5,28.6,1000,0,NW,1.6,summer
2391,23,6.3,1015.2,0,NE,1.2,fall
2392,2,22.5,1010.4,0,WSW,2.9,fall
2393,3,1.6,1024.9,0,NW,3.1,winter
2394,19,27.3,1002.8,0,SSW,1.7,spring
2395,3,23.8,993,0,ENE,1.4,summer
2396,49,4.8,1022.4,0,E,1.4,winter
2397,4,1.5,1027.1,0,NE,2.3,winter
2398,9,-0.4,1028,0,NW,3.4,winter
2399,2,3.2,1023.4,0,ENE,1.5,fall
2400,4,-6.9,1021.5,0,NW,5.1,winter
2401,3,28.4,993.8,0,E,1.4,summer
2402,58,8.4,1014.2,0,E,3.4,winter
2403,76,5.6,1016.1,0,ENE,1.1,spring
2404,7,28.7,1004.3,0,S,1.3,spring
2405,18,1.9,1026.1,0,ENE,3.7,winter
2406,2,9.7,1019.9,0,ESE,1.2,fall
2407,4,30.8,999.3,0,ESE,2.4,summer
2408,8,12.3,1007.7,0,E,1.2,spring
2409,18,25.8,991.1,0,SW,1.5,spring
2410,9,7,1005.9,0,NE,0.5,spring
2411,7,30.3,992.3,0,WSW,3.4,summer
2412,16,22.6,1003.6,0,SSW,1.5,spring
2413,3,22.7,999.3,0.9,W,1.3,summer
2414,36,-0.7,1017.3,0,SSE,1,fall
2415,19,9.5,1006.9,0,negligible,0.1,spring
2416,16,9.2,1016.4,0,WSW,0.9,spring
2417,2,21.1,1003.2,0,E,1.5,summer
2418,10,12,1010.5,0,N,0.5,spring
2419,5,7.4,1021.2,0,SE,2.5,fall
2420,6,23.5,1008.7,0,N,1.3,fall
2421,2,17.4,1004.1,0,NW,5.1,spring
2422,84,1.3,1025.7,0,E,1.6,winter
2423,3,15.3,1014,0,WSW,3.1,spring
2424,35,33.5,999.2,0,SSW,2,summer
2425,4,36.1,994.2,0,ESE,2,summer
2426,4,25.2,989.6,0,E,1.7,spring
2427,2,19.4,1007.6,0,NNE,3.4,spring
2428,10,15.5,1008.2,0,WNW,1.5,spring
2429,11,7.7,1022.8,0,SW,1.1,fall
2430,2,4.4,1025.9,0,NNW,4.3,winter
2431,2,19.5,1014.3,0,S,1.1,fall
2432,2,28.4,1006.8,0,E,0.8,summer
2433,8,13.4,1015.1,0,SSE,0.6,fall
2434,4,3,1027,0,W,3.9,winter
2435,7,27.3,1002.7,0,SSW,0.9,summer
2436,2,15.5,1014.9,0,ENE,0.8,fall
2437,49,2.3,1028.6,0,NE,1.6,winter
2438,3,3.1,1016.3,0,NE,2.8,spring
2439,2,23.7,1010.8,0,NNE,1.8,fall
2440,2,28,1002.6,0,E,1.4,summer
2441,5,23.7,1004.9,0,WNW,3.3,spring
2442,2,26.7,1006.1,0,WNW,3.5,spring
2443,3,25.4,1004.1,0,SSE,1.3,summer
2444,2,28.9,1000.7,0,SW,1.2,summer
2445,2,13.7,1020.1,0,ENE,4.1,fall
2446,117,-1.5,1011.3,0,SW,0.3,winter
2447,2,16.8,1009.3,0,SSW,1.4,fall
2448,3,25,1003.3,0,W,2.6,summer
2449,9,21,1007.6,0,E,2.5,spring
2450,39,23.8,1006,0,SW,2.9,spring
2451,44,1.3,1019.2,0,ESE,0.9,winter
2452,34,11.3,1011.3,0,S,1.8,spring
2453,2,19.75,1020.25,0,NE,1.9,fall
2454,4,11.1,1006.5,0,WSW,1.1,spring
2455,2,9.5,1015.5,0,NE,1.2,fall
2456,17,13.9,1017,0,WSW,1.3,fall
2457,8,25.3,997.5,0,SW,1.7,spring
2458,2,10.73333333,1019,0,negligible,0.1,fall
2459,15,18.2,1018.6,0,E,1.2,fall
2460,2,14.9,1011.7,0,SW,0.8,fall
2461,2,31.1,998.9,0,SW,2.4,summer
2462,3,5.5,1024.9,0,E,1.2,fall
2463,2,16.3,998.9,0,NE,0.9,fall
2464,2,25,1000.7,0,N,1.8,summer
2465,59,21,1011.2,0,ESE,2.1,spring
2466,70,-1.5,1017.6,0,S,0.4,winter
2467,59,10.7,1011.3,0,SW,2.3,spring
2468,8,30.2,1001.9,0,SW,3.3,summer
2469,23,3.3,1025.6,0,ENE,2,winter
2470,2,15.1,1009.6,4.3,S,1.5,fall
2471,62,4.1,1011.3,0,SE,0.6,winter
2472,5,10,1023.7,0,NW,1.9,fall
2473,53,0.2,1016,0,NNE,0.8,winter
2474,2,22.5,1005,0,E,1.5,summer
2475,5,29.8,997.2,0,SW,2.1,fall
2476,2,-2.375,1029.75,0,NE,3.9,winter
2477,3,23.4,997.1,0,W,1.7,summer
2478,88,-3.8,1006.9,0,NE,1.1,winter
2479,12,23.2,1006,0,S,1,summer
2480,62,1.2,1016,0,WNW,1.4,winter
2481,12,15.6,1010.9,0,S,1.2,spring
2482,9,27.2,1005.3,0,E,2.1,summer
2483,39,9.7,1014.1,0,SW,2.9,spring
2484,18,-5.6,1028.25,0,NE,1.6,winter
2485,2,2,1029.1,0,NE,0.6,fall
2486,3,10.4,1008.2,0,SW,0.2,fall
2487,2,-0.9,1030,0,W,0.8,fall
2488,2,30.7,1004,0,ENE,3,summer
2489,8,21,1007.2,0,NNW,2,spring
2490,10,5.9,1013.4,0,WNW,3.5,fall
2491,5,30.7,1001,0,SW,2.1,summer
2492,4,30.9,996.7,0,W,1.9,summer
2493,43,3,1015,0,WSW,0.8,winter
2494,5,2.3,1025.6,0,WNW,4.5,winter
2495,2,18.1,1010.1,0,NE,1.4,fall
2496,23,32.2,998.5,0,SW,1.2,summer
2497,2,27.3,1004.3,0,E,1.5,summer
2498,11,31.3,1001,0,E,1.5,summer
2499,3,15.1,1012.6,0,E,0.7,fall
2500,5,6.9,1009.2,0,WNW,6.1,spring
